-- phpMyAdmin SQL Dump
-- version 4.7.4
-- https://www.phpmyadmin.net/
--
-- Host: 127.0.0.1
-- Generation Time: May 29, 2018 at 10:52 PM
-- Server version: 10.1.30-MariaDB
-- PHP Version: 7.2.1

SET SQL_MODE = "NO_AUTO_VALUE_ON_ZERO";
SET AUTOCOMMIT = 0;
START TRANSACTION;
SET time_zone = "+00:00";


/*!40101 SET @OLD_CHARACTER_SET_CLIENT=@@CHARACTER_SET_CLIENT */;
/*!40101 SET @OLD_CHARACTER_SET_RESULTS=@@CHARACTER_SET_RESULTS */;
/*!40101 SET @OLD_COLLATION_CONNECTION=@@COLLATION_CONNECTION */;
/*!40101 SET NAMES utf8mb4 */;

--
-- Database: `eapi`
--

-- --------------------------------------------------------

--
-- Table structure for table `migrations`
--

CREATE TABLE `migrations` (
  `id` int(10) UNSIGNED NOT NULL,
  `migration` varchar(191) COLLATE utf8mb4_unicode_ci NOT NULL,
  `batch` int(11) NOT NULL
) ENGINE=InnoDB DEFAULT CHARSET=utf8mb4 COLLATE=utf8mb4_unicode_ci;

--
-- Dumping data for table `migrations`
--

INSERT INTO `migrations` (`id`, `migration`, `batch`) VALUES
(1, '2014_10_12_000000_create_users_table', 1),
(2, '2014_10_12_100000_create_password_resets_table', 1),
(3, '2018_05_24_152553_create_products_table', 1),
(4, '2018_05_24_152636_create_reviews_table', 1),
(5, '2016_06_01_000001_create_oauth_auth_codes_table', 2),
(6, '2016_06_01_000002_create_oauth_access_tokens_table', 2),
(7, '2016_06_01_000003_create_oauth_refresh_tokens_table', 2),
(8, '2016_06_01_000004_create_oauth_clients_table', 2),
(9, '2016_06_01_000005_create_oauth_personal_access_clients_table', 2);

-- --------------------------------------------------------

--
-- Table structure for table `oauth_access_tokens`
--

CREATE TABLE `oauth_access_tokens` (
  `id` varchar(100) COLLATE utf8mb4_unicode_ci NOT NULL,
  `user_id` int(11) DEFAULT NULL,
  `client_id` int(11) NOT NULL,
  `name` varchar(191) COLLATE utf8mb4_unicode_ci DEFAULT NULL,
  `scopes` text COLLATE utf8mb4_unicode_ci,
  `revoked` tinyint(1) NOT NULL,
  `created_at` timestamp NULL DEFAULT NULL,
  `updated_at` timestamp NULL DEFAULT NULL,
  `expires_at` datetime DEFAULT NULL
) ENGINE=InnoDB DEFAULT CHARSET=utf8mb4 COLLATE=utf8mb4_unicode_ci;

--
-- Dumping data for table `oauth_access_tokens`
--

INSERT INTO `oauth_access_tokens` (`id`, `user_id`, `client_id`, `name`, `scopes`, `revoked`, `created_at`, `updated_at`, `expires_at`) VALUES
('cc762070ea044c35617fdee19cce723f9ac716cf462eafc92f335ac78fdc54e2e96af29b0d6171f9', 1, 2, NULL, '[]', 0, '2018-05-29 15:53:38', '2018-05-29 15:53:38', '2019-05-29 17:53:38');

-- --------------------------------------------------------

--
-- Table structure for table `oauth_auth_codes`
--

CREATE TABLE `oauth_auth_codes` (
  `id` varchar(100) COLLATE utf8mb4_unicode_ci NOT NULL,
  `user_id` int(11) NOT NULL,
  `client_id` int(11) NOT NULL,
  `scopes` text COLLATE utf8mb4_unicode_ci,
  `revoked` tinyint(1) NOT NULL,
  `expires_at` datetime DEFAULT NULL
) ENGINE=InnoDB DEFAULT CHARSET=utf8mb4 COLLATE=utf8mb4_unicode_ci;

-- --------------------------------------------------------

--
-- Table structure for table `oauth_clients`
--

CREATE TABLE `oauth_clients` (
  `id` int(10) UNSIGNED NOT NULL,
  `user_id` int(11) DEFAULT NULL,
  `name` varchar(191) COLLATE utf8mb4_unicode_ci NOT NULL,
  `secret` varchar(100) COLLATE utf8mb4_unicode_ci NOT NULL,
  `redirect` text COLLATE utf8mb4_unicode_ci NOT NULL,
  `personal_access_client` tinyint(1) NOT NULL,
  `password_client` tinyint(1) NOT NULL,
  `revoked` tinyint(1) NOT NULL,
  `created_at` timestamp NULL DEFAULT NULL,
  `updated_at` timestamp NULL DEFAULT NULL
) ENGINE=InnoDB DEFAULT CHARSET=utf8mb4 COLLATE=utf8mb4_unicode_ci;

--
-- Dumping data for table `oauth_clients`
--

INSERT INTO `oauth_clients` (`id`, `user_id`, `name`, `secret`, `redirect`, `personal_access_client`, `password_client`, `revoked`, `created_at`, `updated_at`) VALUES
(1, NULL, 'Laravel Personal Access Client', 'niVVnUhLTrMMw6viW9Yfi0kkWNR2JKMjrpWc5GAO', 'http://localhost', 1, 0, 0, '2018-05-29 14:08:34', '2018-05-29 14:08:34'),
(2, NULL, 'Laravel Password Grant Client', '234ZfRDBDx4Haf3BGxSjmlwhxlOgJTmiSrdWw52f', 'http://localhost', 0, 1, 0, '2018-05-29 14:08:34', '2018-05-29 14:08:34');

-- --------------------------------------------------------

--
-- Table structure for table `oauth_personal_access_clients`
--

CREATE TABLE `oauth_personal_access_clients` (
  `id` int(10) UNSIGNED NOT NULL,
  `client_id` int(11) NOT NULL,
  `created_at` timestamp NULL DEFAULT NULL,
  `updated_at` timestamp NULL DEFAULT NULL
) ENGINE=InnoDB DEFAULT CHARSET=utf8mb4 COLLATE=utf8mb4_unicode_ci;

--
-- Dumping data for table `oauth_personal_access_clients`
--

INSERT INTO `oauth_personal_access_clients` (`id`, `client_id`, `created_at`, `updated_at`) VALUES
(1, 1, '2018-05-29 14:08:34', '2018-05-29 14:08:34');

-- --------------------------------------------------------

--
-- Table structure for table `oauth_refresh_tokens`
--

CREATE TABLE `oauth_refresh_tokens` (
  `id` varchar(100) COLLATE utf8mb4_unicode_ci NOT NULL,
  `access_token_id` varchar(100) COLLATE utf8mb4_unicode_ci NOT NULL,
  `revoked` tinyint(1) NOT NULL,
  `expires_at` datetime DEFAULT NULL
) ENGINE=InnoDB DEFAULT CHARSET=utf8mb4 COLLATE=utf8mb4_unicode_ci;

--
-- Dumping data for table `oauth_refresh_tokens`
--

INSERT INTO `oauth_refresh_tokens` (`id`, `access_token_id`, `revoked`, `expires_at`) VALUES
('cb9479d24d019fc0e3a38640b898d53cfb3c17018b6ac1576a02fe3519ae66daa5bde3a0431ab808', 'cc762070ea044c35617fdee19cce723f9ac716cf462eafc92f335ac78fdc54e2e96af29b0d6171f9', 0, '2019-05-29 17:53:39');

-- --------------------------------------------------------

--
-- Table structure for table `password_resets`
--

CREATE TABLE `password_resets` (
  `email` varchar(191) COLLATE utf8mb4_unicode_ci NOT NULL,
  `token` varchar(191) COLLATE utf8mb4_unicode_ci NOT NULL,
  `created_at` timestamp NULL DEFAULT NULL
) ENGINE=InnoDB DEFAULT CHARSET=utf8mb4 COLLATE=utf8mb4_unicode_ci;

-- --------------------------------------------------------

--
-- Table structure for table `products`
--

CREATE TABLE `products` (
  `id` int(10) UNSIGNED NOT NULL,
  `name` varchar(191) COLLATE utf8mb4_unicode_ci NOT NULL,
  `detail` text COLLATE utf8mb4_unicode_ci NOT NULL,
  `price` int(11) NOT NULL,
  `stock` int(11) NOT NULL,
  `discount` int(11) NOT NULL,
  `created_at` timestamp NULL DEFAULT NULL,
  `updated_at` timestamp NULL DEFAULT NULL
) ENGINE=InnoDB DEFAULT CHARSET=utf8mb4 COLLATE=utf8mb4_unicode_ci;

--
-- Dumping data for table `products`
--

INSERT INTO `products` (`id`, `name`, `detail`, `price`, `stock`, `discount`, `created_at`, `updated_at`) VALUES
(1, 'molestiae', 'Dolorum soluta suscipit laborum perferendis quisquam iure eaque. Distinctio ut cum dignissimos architecto quia. Repudiandae et voluptates quasi non aut ipsum.', 762, 1, 4, '2018-05-26 13:40:54', '2018-05-26 13:40:54'),
(2, 'molestias', 'Deserunt ut ex sint consequatur ut sapiente accusantium delectus. Reiciendis nisi ut quia magnam saepe.', 535, 2, 13, '2018-05-26 13:40:54', '2018-05-26 13:40:54'),
(3, 'quibusdam', 'Ea earum nobis ullam id. Cumque quia exercitationem sint.', 292, 7, 6, '2018-05-26 13:40:54', '2018-05-26 13:40:54'),
(4, 'dolore', 'Illum porro qui ut explicabo iusto itaque sed. Possimus et quam laudantium sint harum quia repellat. In rem voluptatem sed enim nesciunt suscipit voluptas.', 390, 2, 12, '2018-05-26 13:40:54', '2018-05-26 13:40:54'),
(5, 'qui', 'Vero neque magni numquam et ut rerum. Suscipit commodi ipsum est natus consequatur corrupti recusandae. Tempore et veniam voluptas et quisquam maxime ipsa sit.', 650, 5, 25, '2018-05-26 13:40:54', '2018-05-26 13:40:54'),
(6, 'nihil', 'Odio voluptatum officia ut quia. Dignissimos sint earum rem voluptatum iure adipisci. Vero optio repellat sint non.', 611, 8, 4, '2018-05-26 13:40:54', '2018-05-26 13:40:54'),
(7, 'eum', 'Eos sint fuga nihil natus ad ut. Molestiae suscipit ex et dolorum qui pariatur vel.', 854, 2, 22, '2018-05-26 13:40:54', '2018-05-26 13:40:54'),
(8, 'at', 'Saepe perferendis ut nemo voluptates harum aut tempora. Earum et velit laboriosam sint delectus aut. Fugiat ea fugiat quia quos eum provident soluta. Quia sint voluptatem sed consectetur reiciendis dolorem.', 195, 2, 11, '2018-05-26 13:40:54', '2018-05-26 13:40:54'),
(9, 'molestiae', 'Ut eaque nulla aut consequuntur. Repellat quia dolores dolor qui cumque. Sed ea iusto ratione.', 794, 9, 2, '2018-05-26 13:40:54', '2018-05-26 13:40:54'),
(10, 'atque', 'Quisquam fugit ipsam expedita necessitatibus corporis. Eaque qui ullam officiis unde quisquam. Provident ut voluptate repudiandae incidunt. Nesciunt et quasi quia voluptate maxime vel.', 632, 2, 9, '2018-05-26 13:40:54', '2018-05-26 13:40:54'),
(11, 'qui', 'Reiciendis sunt unde tempora sit. Illum necessitatibus eveniet maiores occaecati fugit ullam. Est dolorem sunt consequatur iure itaque excepturi. Quam quo voluptatem commodi non.', 734, 7, 12, '2018-05-26 13:40:54', '2018-05-26 13:40:54'),
(12, 'dolorem', 'Nisi voluptas perferendis consequatur voluptate cupiditate architecto necessitatibus. Eos et nemo incidunt laborum non facere asperiores omnis. Et rerum ut quae consequatur vel eaque. Vero aspernatur sequi ipsa cumque consequatur itaque quisquam quaerat.', 896, 0, 25, '2018-05-26 13:40:54', '2018-05-26 13:40:54'),
(13, 'unde', 'Accusantium et est dolorem animi illo. Blanditiis sint aliquam exercitationem commodi tempora. Eum rerum quaerat ab sunt officiis commodi est.', 938, 8, 26, '2018-05-26 13:40:54', '2018-05-26 13:40:54'),
(14, 'possimus', 'Nemo placeat accusamus ut ut animi facere. Blanditiis perferendis qui voluptatem doloribus officia eius. Recusandae sit magnam dolor.', 939, 1, 3, '2018-05-26 13:40:54', '2018-05-26 13:40:54'),
(15, 'quo', 'Magni quam hic quam a. Beatae ipsam quod dolorem aliquam excepturi. Aut ut minus deleniti in architecto sit. Ex dolorum quam voluptas incidunt.', 750, 1, 25, '2018-05-26 13:40:54', '2018-05-26 13:40:54'),
(16, 'sed', 'Nulla nostrum debitis voluptatem repellendus excepturi est pariatur. Ut necessitatibus est dicta ipsam minima dolores aut. Et et quo et fugit laborum voluptas quod.', 189, 1, 21, '2018-05-26 13:40:54', '2018-05-26 13:40:54'),
(17, 'rem', 'Veniam rerum id quia est. Ut et iure voluptatum unde. Consequatur maxime inventore qui aliquam vel est neque.', 150, 4, 23, '2018-05-26 13:40:54', '2018-05-26 13:40:54'),
(18, 'ad', 'Consequatur voluptas non perferendis accusantium debitis. Dolor et quo sit velit. Aut voluptatum eos ad repellat et enim dolores. Ut corporis quam dolores fugit et mollitia.', 959, 7, 7, '2018-05-26 13:40:54', '2018-05-26 13:40:54'),
(19, 'aut', 'Eum est vero rerum est mollitia aut. Et nam asperiores est iure qui aperiam sint. Est qui ut minus est nisi voluptatem.', 741, 5, 14, '2018-05-26 13:40:54', '2018-05-26 13:40:54'),
(20, 'ut', 'Nam impedit est nemo nesciunt sed minus minus. Eum sed impedit earum quo nihil consequatur. Fuga hic voluptate porro error fugit et et.', 102, 7, 29, '2018-05-26 13:40:54', '2018-05-26 13:40:54'),
(21, 'est', 'Et nihil officiis consequatur consequatur. Enim molestiae rem dolores. Modi dolore placeat neque soluta dolorum labore quas repellendus.', 523, 3, 27, '2018-05-26 13:40:54', '2018-05-26 13:40:54'),
(22, 'ab', 'Quidem nam dolorum quae deserunt labore. Tempora exercitationem enim eligendi sit rem veniam non quo.', 592, 3, 21, '2018-05-26 13:40:54', '2018-05-26 13:40:54'),
(23, 'est', 'Sed rerum aliquam adipisci at debitis accusantium possimus vitae. Repellendus est rerum suscipit et repudiandae perspiciatis. Ut et eum ratione sapiente.', 242, 5, 11, '2018-05-26 13:40:54', '2018-05-26 13:40:54'),
(24, 'quisquam', 'Voluptatem animi voluptatem et hic. Optio quae voluptatem ut ipsum omnis. Autem officiis sapiente harum numquam mollitia commodi autem.', 175, 9, 20, '2018-05-26 13:40:54', '2018-05-26 13:40:54'),
(25, 'culpa', 'Vel natus iste repudiandae. Quo harum natus facere reiciendis qui repellendus. Illum et enim voluptatem vel. Dolor accusantium asperiores quia est reprehenderit aut omnis.', 601, 9, 29, '2018-05-26 13:40:54', '2018-05-26 13:40:54'),
(26, 'quo', 'Voluptatem autem quo neque repellendus. Quis cupiditate reiciendis eos. Sequi sit voluptas excepturi enim. Sint quia eveniet odio quas delectus esse nulla.', 539, 3, 11, '2018-05-26 13:40:54', '2018-05-26 13:40:54'),
(27, 'fugit', 'Perspiciatis non repellat laborum dolorem repellat. Commodi rem ducimus sed laboriosam laborum. Eum minima impedit officia pariatur officia omnis iusto voluptas. Nam quia sit ducimus consequatur soluta et.', 208, 1, 18, '2018-05-26 13:40:54', '2018-05-26 13:40:54'),
(28, 'et', 'Ex nam dolorem numquam eum asperiores voluptatem consequuntur fugit. Error hic repellat omnis libero fugiat ea vel. Velit suscipit tempore aut asperiores quidem similique.', 1000, 2, 15, '2018-05-26 13:40:54', '2018-05-26 13:40:54'),
(29, 'eveniet', 'Perferendis placeat est porro in id officiis. Occaecati porro id qui optio. Aliquam vel delectus sint architecto sint eum nisi laudantium.', 177, 2, 15, '2018-05-26 13:40:54', '2018-05-26 13:40:54'),
(30, 'totam', 'Quia porro animi a iusto. Ut nostrum repellat et eos cumque aut aut voluptatem.', 501, 8, 10, '2018-05-26 13:40:54', '2018-05-26 13:40:54'),
(31, 'nihil', 'Dolorem cumque sed deleniti. At quod nulla voluptas dolorem. Praesentium voluptate rem aliquid rerum et iste tenetur quasi.', 318, 5, 10, '2018-05-26 13:40:54', '2018-05-26 13:40:54'),
(32, 'rerum', 'Odit sint itaque minus facilis laudantium. Sunt quo soluta eum molestiae maxime voluptates. Aut excepturi et recusandae veritatis. Similique dicta consequatur unde quibusdam sapiente in praesentium.', 111, 5, 6, '2018-05-26 13:40:54', '2018-05-26 13:40:54'),
(33, 'eaque', 'Sint vel aut ea possimus omnis nobis. Quia dolore debitis aspernatur delectus nesciunt quisquam voluptatem. Asperiores tempora inventore sunt quae cumque.', 499, 6, 3, '2018-05-26 13:40:54', '2018-05-26 13:40:54'),
(34, 'dolorem', 'Magni vitae eum excepturi. Ut sequi autem assumenda ducimus eveniet. Minima praesentium aut cum ullam doloremque rerum dolore.', 408, 4, 6, '2018-05-26 13:40:55', '2018-05-26 13:40:55'),
(35, 'est', 'Et sapiente perspiciatis sint dolor eligendi similique est. Sequi incidunt dolores enim voluptatem debitis. Aut omnis totam nulla iste facere nemo blanditiis ut. Optio vero nihil sint in culpa.', 877, 2, 22, '2018-05-26 13:40:55', '2018-05-26 13:40:55'),
(36, 'est', 'Ipsa suscipit dolores molestiae beatae possimus. Cumque ipsa et modi ullam et. Sed voluptas beatae at minus qui et necessitatibus odio.', 392, 8, 25, '2018-05-26 13:40:55', '2018-05-26 13:40:55'),
(37, 'cupiditate', 'Maxime non sit iusto sunt rem sed occaecati placeat. Architecto ipsum non voluptatem et qui voluptas officia cum. Corporis tempore odio voluptatem consequatur.', 901, 7, 21, '2018-05-26 13:40:55', '2018-05-26 13:40:55'),
(38, 'delectus', 'Voluptates corrupti commodi dolor qui. Quasi quibusdam assumenda veniam. Quas deserunt in fugit sunt. Numquam fugit porro sed expedita ipsa dolorem quo.', 773, 6, 28, '2018-05-26 13:40:55', '2018-05-26 13:40:55'),
(39, 'est', 'Eos qui error reprehenderit. Repudiandae necessitatibus eius minima ad autem. Numquam doloribus eum quasi officiis sit.', 227, 8, 3, '2018-05-26 13:40:55', '2018-05-26 13:40:55'),
(40, 'porro', 'Illum aliquid voluptas ullam vel ullam vel. Ad voluptatum est debitis eos id. Neque laboriosam facilis ratione quod ut dolorem illo. Suscipit sunt repellat repellat similique. Harum mollitia qui inventore sunt a sed.', 741, 2, 10, '2018-05-26 13:40:55', '2018-05-26 13:40:55'),
(41, 'et', 'Ut fugiat eligendi consequuntur repudiandae ipsum. Facere consequuntur labore quis temporibus aut iste distinctio error. Libero tenetur quia neque voluptas laboriosam nostrum quae. Ad rerum dolores dolor sed earum eos.', 662, 0, 22, '2018-05-26 13:40:55', '2018-05-26 13:40:55'),
(42, 'nulla', 'Ut alias aperiam eos. Omnis possimus asperiores magnam quidem iure nisi in.', 484, 7, 22, '2018-05-26 13:40:55', '2018-05-26 13:40:55'),
(43, 'rem', 'Eveniet dolores amet qui incidunt et dolor ipsam. Quidem soluta eum a debitis aliquid consequatur aut.', 273, 1, 29, '2018-05-26 13:40:55', '2018-05-26 13:40:55'),
(44, 'doloremque', 'Corporis omnis est itaque dolorum alias. In totam sint ut et. Officia et temporibus animi velit et itaque et ducimus. Modi nisi assumenda voluptas atque.', 299, 2, 27, '2018-05-26 13:40:55', '2018-05-26 13:40:55'),
(45, 'possimus', 'Cupiditate sed qui dolore totam neque magni reprehenderit. Magnam dolorem optio officiis voluptas illum nam consectetur. Sed recusandae quia deleniti quos enim explicabo quas. Excepturi cum amet deleniti et non ipsum.', 429, 8, 19, '2018-05-26 13:40:55', '2018-05-26 13:40:55'),
(46, 'vel', 'Dolore aut id sunt minima iure molestiae eos sunt. Quia porro molestiae molestiae id fugit.', 690, 3, 15, '2018-05-26 13:40:55', '2018-05-26 13:40:55'),
(47, 'numquam', 'Aspernatur voluptatem ea ut odio facere. Enim vitae non aliquid ea neque est consequatur. Quasi aliquid quia harum aperiam dicta nisi.', 974, 4, 29, '2018-05-26 13:40:55', '2018-05-26 13:40:55'),
(48, 'nam', 'Aut id et rerum molestiae eum. Accusamus tempora quos soluta porro. Aut sed quibusdam cum explicabo enim qui non. Reprehenderit ex nemo fugit molestiae.', 440, 2, 23, '2018-05-26 13:40:55', '2018-05-26 13:40:55'),
(49, 'consectetur', 'Voluptate possimus dicta voluptas sed. Dignissimos dicta tempora perspiciatis et laborum rerum quo exercitationem. Quibusdam debitis magni iste repudiandae veritatis.', 429, 6, 29, '2018-05-26 13:40:55', '2018-05-26 13:40:55'),
(50, 'dicta', 'Fugit veniam et velit nam voluptate. Porro numquam atque atque vel atque autem nihil ea. Natus magni deleniti voluptas.', 592, 3, 23, '2018-05-26 13:40:55', '2018-05-26 13:40:55'),
(51, 'adipisci', 'Aliquam blanditiis eveniet debitis aspernatur. Beatae harum eos laudantium necessitatibus perspiciatis totam. Eos sequi aut rerum nemo ut. Consequatur sed illum quibusdam ullam.', 642, 7, 29, '2018-05-26 13:41:28', '2018-05-26 13:41:28'),
(52, 'iste', 'Modi et aut autem alias non. Tenetur repellat voluptas possimus consectetur necessitatibus neque. Enim architecto et cum quisquam veniam. Nobis perspiciatis facilis facilis ipsam natus suscipit.', 908, 2, 3, '2018-05-26 13:41:28', '2018-05-26 13:41:28'),
(53, 'et', 'Praesentium est sit impedit voluptatem repellat. Alias doloremque incidunt natus itaque. Sapiente fugiat omnis est nostrum est consequuntur.', 469, 3, 5, '2018-05-26 13:41:28', '2018-05-26 13:41:28'),
(54, 'quos', 'Hic iure est nemo. Possimus eos quos tempore at hic voluptatum et dolor.', 905, 2, 9, '2018-05-26 13:41:28', '2018-05-26 13:41:28'),
(55, 'maiores', 'Suscipit laudantium voluptatum totam consequatur odit est iure. Ut saepe quisquam fuga voluptate nobis nihil voluptatem et. Tempora dicta officiis alias voluptatem omnis consequuntur. Sit voluptatum magni exercitationem ab.', 671, 6, 22, '2018-05-26 13:41:28', '2018-05-26 13:41:28'),
(56, 'animi', 'Omnis harum nisi enim. Odit molestias omnis blanditiis veniam voluptatem totam sed. In doloremque enim quos aut et nisi odit.', 199, 7, 14, '2018-05-26 13:41:28', '2018-05-26 13:41:28'),
(57, 'dolores', 'Harum minus ut et. Animi quis dolor odit voluptatibus molestiae id. Omnis corrupti molestiae beatae.', 957, 3, 21, '2018-05-26 13:41:28', '2018-05-26 13:41:28'),
(58, 'occaecati', 'Voluptatem ab eligendi quisquam dolorem voluptate. Veritatis soluta non repellat fugiat. Omnis reprehenderit ad assumenda enim. Dolorem iste mollitia beatae architecto soluta eius.', 264, 3, 8, '2018-05-26 13:41:28', '2018-05-26 13:41:28'),
(59, 'consectetur', 'Magni omnis harum adipisci quis nisi natus fugit qui. Porro quia optio est vel tenetur. Aut ducimus quia et mollitia iure voluptatem natus deleniti.', 656, 0, 4, '2018-05-26 13:41:28', '2018-05-26 13:41:28'),
(60, 'deserunt', 'Numquam esse ea voluptatem accusantium velit voluptatem commodi. Earum magnam eaque corporis aliquam illo tenetur. Fuga quia aut quibusdam unde vitae. Nesciunt error ex minus tempore neque magni et.', 873, 9, 23, '2018-05-26 13:41:28', '2018-05-26 13:41:28'),
(61, 'reprehenderit', 'Explicabo culpa unde rerum quisquam. Suscipit autem ipsum laboriosam rerum voluptatum dolorum ea. Dolor consequatur et sint eligendi natus fugit dignissimos. Qui quis esse voluptatibus et natus rerum.', 887, 9, 13, '2018-05-26 13:41:28', '2018-05-26 13:41:28'),
(62, 'sit', 'Quia consequatur sit dolorum reprehenderit aliquid debitis blanditiis. Delectus porro illo architecto sit error neque. Quasi assumenda minima dolorum ipsa delectus unde. Dolor voluptatem voluptas consectetur quis expedita.', 975, 9, 23, '2018-05-26 13:41:28', '2018-05-26 13:41:28'),
(63, 'assumenda', 'Commodi hic quis hic voluptas commodi iusto. Odit excepturi excepturi occaecati adipisci nisi earum hic repellat.', 397, 7, 9, '2018-05-26 13:41:28', '2018-05-26 13:41:28'),
(64, 'nisi', 'Nam quasi dolor pariatur eaque architecto. Molestiae rem perspiciatis accusantium ipsum. Ut in nemo commodi.', 607, 5, 22, '2018-05-26 13:41:28', '2018-05-26 13:41:28'),
(65, 'magnam', 'Mollitia eum porro dolorem consequuntur consequatur. Adipisci repellat earum consequatur odit. Repudiandae cum tempora sit sed ut libero hic. Corporis eveniet perspiciatis blanditiis voluptatem laborum.', 560, 7, 13, '2018-05-26 13:41:28', '2018-05-26 13:41:28'),
(66, 'ut', 'Labore voluptas exercitationem amet cum. Aliquam nemo modi assumenda laudantium. Id omnis architecto rerum perspiciatis omnis.', 862, 8, 8, '2018-05-26 13:41:28', '2018-05-26 13:41:28'),
(67, 'eveniet', 'Impedit voluptas veniam impedit recusandae atque et. Et a amet est ut. Alias delectus sed quisquam omnis. Sunt hic inventore iste accusamus.', 746, 5, 30, '2018-05-26 13:41:28', '2018-05-26 13:41:28'),
(68, 'est', 'Ipsa quia aut et odit. Inventore natus quia voluptas. Tempora non nobis labore aperiam reiciendis sit corporis.', 127, 9, 4, '2018-05-26 13:41:28', '2018-05-26 13:41:28'),
(69, 'veniam', 'Dolorem eos nisi aut fugit excepturi ut est. Doloribus eaque rerum aliquid possimus dolore. Sapiente qui doloremque numquam ex et. Corrupti adipisci debitis eius labore rerum.', 612, 9, 17, '2018-05-26 13:41:28', '2018-05-26 13:41:28'),
(70, 'neque', 'Officiis eius earum ullam quia laboriosam architecto maiores. At accusamus suscipit sed aut. Recusandae voluptatum sunt repellat voluptatem quo quia et. Necessitatibus voluptatem amet est molestias. Porro doloribus omnis officia quos assumenda.', 406, 3, 13, '2018-05-26 13:41:28', '2018-05-26 13:41:28'),
(71, 'doloremque', 'Nostrum necessitatibus non iure voluptatem iusto minima. Quo nostrum minus eum consequatur ducimus officia. Doloribus ut aut voluptas.', 387, 4, 5, '2018-05-26 13:41:28', '2018-05-26 13:41:28'),
(72, 'aperiam', 'Dolores praesentium sunt eos excepturi facere. Sit amet quasi aut maiores voluptatum mollitia qui. At consectetur nihil non veniam a. Unde et mollitia id corrupti doloremque. Ratione vitae optio ut quis.', 924, 9, 14, '2018-05-26 13:41:28', '2018-05-26 13:41:28'),
(73, 'officiis', 'Aut quia deserunt recusandae et. Mollitia quaerat qui odit nobis. Aut consequatur beatae excepturi suscipit. Et libero ut doloribus aut dolorum est consequatur.', 719, 0, 8, '2018-05-26 13:41:28', '2018-05-26 13:41:28'),
(74, 'consequatur', 'Nobis tempora sapiente occaecati quam enim rerum. Et molestiae sint iste magnam explicabo consequuntur. Qui omnis esse atque est odio. Recusandae quae sunt accusantium dolorum.', 661, 6, 24, '2018-05-26 13:41:28', '2018-05-26 13:41:28'),
(75, 'dolorem', 'Maiores officiis et harum dolor doloribus vel eos qui. Ullam qui qui ea blanditiis. Autem est molestiae quam aut. Suscipit voluptatibus eum quibusdam quis quas harum.', 625, 6, 2, '2018-05-26 13:41:28', '2018-05-26 13:41:28'),
(76, 'dolores', 'Ullam temporibus sit sed nam et minima. Reprehenderit quia similique qui nobis ducimus est. Ea et exercitationem voluptatem eveniet nihil dolor. A beatae quos non praesentium ea qui ut ipsum.', 717, 6, 25, '2018-05-26 13:41:28', '2018-05-26 13:41:28'),
(77, 'magnam', 'Sed similique placeat eum. Maiores sunt aut magni voluptas. Facere voluptas quibusdam labore temporibus. Nihil distinctio quos nesciunt.', 246, 5, 5, '2018-05-26 13:41:28', '2018-05-26 13:41:28'),
(78, 'ut', 'Similique id sit ipsam labore. Incidunt et at qui rerum nulla. Adipisci et magnam a dolores cupiditate. Rerum ut rerum repellendus totam dignissimos numquam et. Quia quisquam ea totam praesentium sed sit ut.', 677, 7, 14, '2018-05-26 13:41:28', '2018-05-26 13:41:28'),
(79, 'recusandae', 'Modi at qui quis. Quaerat id aspernatur laboriosam veniam hic maiores in.', 165, 6, 28, '2018-05-26 13:41:28', '2018-05-26 13:41:28'),
(80, 'voluptatem', 'Totam itaque dignissimos dicta aliquam. Est autem aut aut eaque. Ducimus tempore dolore debitis et recusandae cum. Soluta et quae dolore amet natus occaecati. Ducimus rerum ex illo.', 348, 2, 7, '2018-05-26 13:41:28', '2018-05-26 13:41:28'),
(81, 'aut', 'Sed eum culpa deserunt tempore modi saepe quam. Delectus temporibus quod fugiat aut quo. Harum vero magni commodi ducimus debitis id qui quam.', 318, 0, 4, '2018-05-26 13:41:28', '2018-05-26 13:41:28'),
(82, 'adipisci', 'Consequuntur laboriosam non aut fuga assumenda est. Minus in aut qui nesciunt. Eveniet quisquam quae expedita ea distinctio. Illo aperiam est magni laboriosam est.', 589, 6, 12, '2018-05-26 13:41:28', '2018-05-26 13:41:28'),
(83, 'et', 'Blanditiis est et possimus aliquid excepturi voluptas ex. Maxime laborum quis molestiae quaerat sit corrupti. Sit occaecati alias repellat molestiae.', 270, 3, 29, '2018-05-26 13:41:28', '2018-05-26 13:41:28'),
(84, 'veritatis', 'Voluptates odio ipsum modi vitae suscipit. Minima id rerum velit veniam et sed. Quia dolor repellat sit et dicta harum at. Aperiam modi asperiores aspernatur consequatur.', 139, 0, 23, '2018-05-26 13:41:28', '2018-05-26 13:41:28'),
(85, 'quis', 'Cupiditate eos recusandae incidunt pariatur qui repellat blanditiis. Rerum aperiam non voluptatem consequuntur. Dignissimos dolor qui aut et doloremque et consequatur hic. Optio hic vel ducimus corporis.', 524, 1, 23, '2018-05-26 13:41:28', '2018-05-26 13:41:28'),
(86, 'asperiores', 'Quo quia animi omnis facilis alias consectetur eveniet. Voluptatem nam quis et id. Eum error id sapiente occaecati. Quas rem doloribus soluta sed repudiandae aut.', 498, 6, 15, '2018-05-26 13:41:28', '2018-05-26 13:41:28'),
(87, 'voluptatibus', 'Ut quisquam at exercitationem est aliquam consequuntur. Libero aut sequi accusamus neque. Quia optio eos rerum. A praesentium laboriosam sed quo dolores illo.', 677, 3, 20, '2018-05-26 13:41:28', '2018-05-26 13:41:28'),
(88, 'neque', 'Repudiandae amet suscipit est neque recusandae. Ut odio quis nesciunt harum ut. Placeat illum vel sed qui iste.', 131, 9, 17, '2018-05-26 13:41:28', '2018-05-26 13:41:28'),
(89, 'a', 'Fugit veritatis totam id ut temporibus similique impedit. Minima est dignissimos saepe earum. Ut ratione quo ut sed doloremque qui. Error molestias ipsa dolorum nemo quia.', 573, 6, 13, '2018-05-26 13:41:28', '2018-05-26 13:41:28'),
(90, 'iusto', 'Nam sit in nulla repudiandae. Rerum qui cum sunt corrupti. Reprehenderit dolore animi culpa doloribus quas reiciendis. Quibusdam labore quae atque sapiente voluptatem. Sunt in saepe aut.', 306, 8, 25, '2018-05-26 13:41:28', '2018-05-26 13:41:28'),
(91, 'vero', 'Non autem odit possimus repudiandae molestiae odit autem. Quae voluptatum ut consequatur dolorem ipsum illo. Impedit sapiente iusto ab ipsa numquam ut aliquam.', 457, 6, 5, '2018-05-26 13:41:28', '2018-05-26 13:41:28'),
(92, 'enim', 'Illum a autem et aut reiciendis. Libero id reprehenderit tempore modi quia quo facilis. Laborum id voluptatem autem consequatur hic deserunt eum. Aut aut esse eum enim. Voluptatem expedita vitae aliquam quod officiis.', 252, 2, 16, '2018-05-26 13:41:28', '2018-05-26 13:41:28'),
(93, 'et', 'Beatae sunt et sunt et unde maiores ullam. A asperiores quia aut voluptatem et. Consequatur quaerat molestias et praesentium cum nulla. Temporibus distinctio pariatur voluptates qui atque quidem ullam.', 645, 6, 15, '2018-05-26 13:41:28', '2018-05-26 13:41:28'),
(94, 'et', 'Tempora consectetur dolores animi voluptate amet. Tenetur et iusto officia et. Praesentium est perspiciatis et sed illo. Soluta eveniet repellendus expedita officiis repudiandae assumenda quia.', 165, 7, 14, '2018-05-26 13:41:28', '2018-05-26 13:41:28'),
(95, 'incidunt', 'Alias aut nihil nesciunt excepturi sint voluptas. Beatae quasi dolor nobis et aut ut. Molestiae doloribus ipsum fugiat velit. Qui non deserunt saepe ea.', 173, 9, 14, '2018-05-26 13:41:28', '2018-05-26 13:41:28'),
(96, 'accusamus', 'Atque error temporibus quod sed. Voluptatum eaque qui praesentium molestiae hic. Qui voluptates exercitationem rerum dolores necessitatibus ut sed consequuntur. Dolorem fugit dolorum exercitationem debitis ullam.', 513, 3, 20, '2018-05-26 13:41:28', '2018-05-26 13:41:28'),
(97, 'numquam', 'Ipsum cupiditate incidunt voluptatem. Sit iste voluptas voluptatibus cum sit ut.', 734, 5, 28, '2018-05-26 13:41:28', '2018-05-26 13:41:28'),
(98, 'eaque', 'Cumque deserunt consequuntur aut placeat. Doloribus nesciunt facere quisquam autem. Quaerat ea commodi eum pariatur veniam voluptatem.', 123, 7, 7, '2018-05-26 13:41:28', '2018-05-26 13:41:28'),
(99, 'impedit', 'Sed ea consectetur itaque fugiat voluptatem doloremque. Atque at doloribus occaecati repellat vel ab aut. Ut sit sit quis sit excepturi sequi ut est. Corrupti non voluptate vel qui eos id voluptates.', 441, 5, 24, '2018-05-26 13:41:28', '2018-05-26 13:41:28'),
(100, 'ut', 'Sed omnis et rerum autem. Illum ut enim nisi repellat amet laboriosam. Numquam molestias explicabo laudantium nam voluptas. Animi provident animi laborum beatae natus nulla. Velit voluptas et sit iusto omnis.', 787, 5, 10, '2018-05-26 13:41:28', '2018-05-26 13:41:28'),
(101, 'I phone X', 'The best mobile', 250, 10, 50, '2018-05-29 17:04:58', '2018-05-29 17:04:58');

-- --------------------------------------------------------

--
-- Table structure for table `reviews`
--

CREATE TABLE `reviews` (
  `id` int(10) UNSIGNED NOT NULL,
  `product_id` int(10) UNSIGNED NOT NULL,
  `customer` varchar(191) COLLATE utf8mb4_unicode_ci NOT NULL,
  `review` text COLLATE utf8mb4_unicode_ci NOT NULL,
  `star` int(11) NOT NULL,
  `created_at` timestamp NULL DEFAULT NULL,
  `updated_at` timestamp NULL DEFAULT NULL
) ENGINE=InnoDB DEFAULT CHARSET=utf8mb4 COLLATE=utf8mb4_unicode_ci;

--
-- Dumping data for table `reviews`
--

INSERT INTO `reviews` (`id`, `product_id`, `customer`, `review`, `star`, `created_at`, `updated_at`) VALUES
(1, 66, 'Elta Schmeler', 'Laborum ut vel iste rem ducimus accusamus illum. Eum dolores excepturi ipsum. Maiores nostrum animi non ut facere officiis ab. Ratione repudiandae fugiat expedita aut laboriosam.', 4, '2018-05-26 13:41:29', '2018-05-26 13:41:29'),
(2, 76, 'Miss Karelle Wolf IV', 'A est quas error omnis architecto fugiat incidunt modi. Soluta fuga hic culpa quos perspiciatis vitae. Est ut laborum enim sint nam ad laudantium et.', 0, '2018-05-26 13:41:29', '2018-05-26 13:41:29'),
(3, 35, 'Ruby Robel', 'Dolore sed quibusdam beatae perferendis voluptates et deleniti. Numquam est ut molestiae. Et sed exercitationem voluptates animi.', 3, '2018-05-26 13:41:29', '2018-05-26 13:41:29'),
(4, 89, 'Prof. Mark Pagac', 'Earum ratione sed voluptas consequatur iste. Sed exercitationem doloribus repellat ut pariatur unde. Qui sunt voluptatem error vel voluptatum.', 5, '2018-05-26 13:41:29', '2018-05-26 13:41:29'),
(5, 91, 'Shanel Wintheiser', 'Porro suscipit neque quaerat dolorum quaerat. In quibusdam natus sit esse. Ullam ipsam debitis nihil excepturi consequatur maxime. Consequuntur ad doloribus voluptatem voluptas voluptates qui consequatur.', 0, '2018-05-26 13:41:30', '2018-05-26 13:41:30'),
(6, 43, 'Nicholas Hand', 'Ut quod quod repudiandae dignissimos. Nulla cum quae nihil veritatis. Praesentium fuga reiciendis dolores iure voluptas nulla eaque.', 5, '2018-05-26 13:41:30', '2018-05-26 13:41:30'),
(7, 74, 'Russel Lemke DVM', 'Quasi repellat hic enim non. Sunt impedit ut asperiores et ducimus temporibus. Dolor quia et quas.', 2, '2018-05-26 13:41:30', '2018-05-26 13:41:30'),
(8, 69, 'Duncan Purdy', 'Culpa ea doloremque aut quae dolor fugiat ea deleniti. Et amet amet unde provident quia ut. Rerum quibusdam iusto voluptate officia.', 5, '2018-05-26 13:41:30', '2018-05-26 13:41:30'),
(9, 2, 'Bret Grant', 'Officia repudiandae corrupti ut beatae quod omnis est. Facere ut architecto quaerat. Animi sed non facilis aut molestiae. Exercitationem expedita veniam blanditiis aperiam exercitationem.', 0, '2018-05-26 13:41:30', '2018-05-26 13:41:30'),
(10, 49, 'Katrine Gutkowski', 'Voluptatem velit necessitatibus veritatis molestiae assumenda aliquid enim. Enim laborum asperiores eum. Et aut atque voluptate esse qui est.', 4, '2018-05-26 13:41:30', '2018-05-26 13:41:30'),
(11, 56, 'Dr. Neha Nader', 'Ut delectus culpa consequatur dolorum. Rerum omnis dolorum rerum voluptatibus. Magnam qui rem maxime.', 1, '2018-05-26 13:41:30', '2018-05-26 13:41:30'),
(12, 5, 'Darron Keeling', 'Est fugit laborum quaerat officia vero quae omnis. Libero earum in aliquam in unde. Qui esse veritatis ea et.', 4, '2018-05-26 13:41:30', '2018-05-26 13:41:30'),
(13, 89, 'Micah Littel IV', 'Enim voluptas adipisci dolor voluptates fugiat sequi quidem. Dignissimos commodi ratione qui odio quia quos. Molestiae optio occaecati eligendi quibusdam enim eum veniam. Et voluptatum pariatur incidunt accusantium veritatis architecto est magnam. Maxime voluptates porro id consequatur possimus porro.', 5, '2018-05-26 13:41:30', '2018-05-26 13:41:30'),
(14, 96, 'Dr. Giovanna Osinski', 'Molestiae optio eius sed fugiat dignissimos. Ipsum earum unde quibusdam. Recusandae asperiores et culpa sed.', 4, '2018-05-26 13:41:30', '2018-05-26 13:41:30'),
(15, 61, 'Dr. Romaine Nader I', 'Quia ex sed necessitatibus dolores quam dolor aliquam est. Itaque repudiandae ipsam omnis aut similique sunt quod. Unde autem iste ut odio harum sit tempora. Sapiente id saepe odit quaerat amet.', 2, '2018-05-26 13:41:30', '2018-05-26 13:41:30'),
(16, 18, 'Burnice Hyatt', 'Enim laboriosam quidem quam a sequi officia dolores. Dignissimos eum in ab quia accusamus eos facilis. Labore exercitationem odio cumque nisi laboriosam dicta voluptatem.', 4, '2018-05-26 13:41:30', '2018-05-26 13:41:30'),
(17, 97, 'Luciano Effertz', 'Et repellendus est voluptatem excepturi totam et eum. Quo accusamus suscipit aspernatur sed culpa totam praesentium atque. Et pariatur sit nemo maxime dolores ea laudantium. Nulla excepturi enim consequatur quis. Aspernatur voluptatem odio modi ratione vero.', 2, '2018-05-26 13:41:30', '2018-05-26 13:41:30'),
(18, 3, 'Miss Holly Ebert', 'Aut ipsam libero unde totam quam est eos. Nobis omnis labore voluptas sunt voluptatem. Culpa maxime est ipsam assumenda quidem. Cupiditate ex et nemo est dicta quia ipsa adipisci.', 1, '2018-05-26 13:41:30', '2018-05-26 13:41:30'),
(19, 21, 'Torrance Sipes', 'Molestiae non cupiditate neque ducimus. Eum consectetur sunt nulla corporis saepe fuga aliquid. Et impedit sit veritatis et sed et alias.', 2, '2018-05-26 13:41:30', '2018-05-26 13:41:30'),
(20, 44, 'Kiley Harber', 'Possimus nihil veniam aliquid corrupti deleniti. Rerum reiciendis nam fugiat voluptatum. Libero distinctio maiores aliquam iure magnam. Rerum maxime temporibus a vel qui.', 5, '2018-05-26 13:41:30', '2018-05-26 13:41:30'),
(21, 36, 'Clotilde Windler', 'Tenetur architecto voluptas sunt sed. At non qui maxime natus aut facilis ipsam vitae. Repellat ratione est numquam voluptatum ut.', 2, '2018-05-26 13:41:30', '2018-05-26 13:41:30'),
(22, 52, 'Dr. Rosalinda Carter V', 'Voluptatem placeat voluptatem ea dolores in quis. Quia commodi suscipit aliquam sunt provident nulla. Numquam magnam corporis tempora perspiciatis omnis aut facilis.', 2, '2018-05-26 13:41:30', '2018-05-26 13:41:30'),
(23, 64, 'Aniyah Nienow', 'Debitis modi repudiandae enim eos sint placeat id. Ut modi harum eos possimus eligendi. Voluptas et ipsum non officiis magnam harum sequi aut. Atque consectetur deserunt accusamus tenetur molestias.', 3, '2018-05-26 13:41:30', '2018-05-26 13:41:30'),
(24, 22, 'Prof. Trycia Yundt', 'Provident dignissimos quibusdam impedit perferendis numquam optio. Quia aut id exercitationem amet tempore est quas. Earum alias qui tempora occaecati maiores nemo. Eveniet distinctio tempora et voluptatum quos rerum.', 2, '2018-05-26 13:41:30', '2018-05-26 13:41:30'),
(25, 67, 'Miss Estell Yost II', 'Atque sit dolor repudiandae. Quis esse eos doloribus laborum.', 1, '2018-05-26 13:41:30', '2018-05-26 13:41:30'),
(26, 5, 'Adelbert Legros Jr.', 'A quo sit est. Quas laborum qui enim maxime rerum eaque tempora. Aspernatur est harum ut perferendis quo quod architecto amet. Laborum autem minima officiis consequuntur autem in. Vel voluptatem nam consequatur enim.', 3, '2018-05-26 13:41:30', '2018-05-26 13:41:30'),
(27, 55, 'Elza Schulist', 'Beatae odit quis cupiditate. Consequatur voluptates sit sint labore quo provident. Voluptatibus repellendus nihil accusantium ad et ab.', 3, '2018-05-26 13:41:30', '2018-05-26 13:41:30'),
(28, 79, 'Dr. Roel Marquardt II', 'Repudiandae voluptatibus ipsum doloremque minus dignissimos. Velit dolores et illo nihil rem dolor ut. Velit ad voluptas minima et est aspernatur. Qui veritatis soluta nam quisquam maiores sequi repellendus iure.', 3, '2018-05-26 13:41:30', '2018-05-26 13:41:30'),
(29, 81, 'Miss Bonita Stoltenberg PhD', 'Fugit quibusdam totam et laudantium. Qui dolores et consequatur facilis. Fuga dolores ut quo consequatur et autem.', 1, '2018-05-26 13:41:30', '2018-05-26 13:41:30'),
(30, 99, 'Megane Kuhic', 'Qui eum ipsa officiis natus. Corporis optio id libero repudiandae est natus eligendi. Et aut neque autem commodi et animi. Corrupti voluptates incidunt soluta inventore vero.', 1, '2018-05-26 13:41:30', '2018-05-26 13:41:30'),
(31, 95, 'Nels Goodwin', 'Autem nesciunt nesciunt molestiae error. Dolorum earum maiores omnis dolorum velit molestias corporis. Nihil quos quod eveniet et dolorum molestiae minus. Ut sed qui voluptatem id facilis enim. Aut veniam aut nam enim beatae iure dolores ea.', 5, '2018-05-26 13:41:30', '2018-05-26 13:41:30'),
(32, 46, 'Roy Harris', 'Est minus voluptate aut explicabo. Deleniti voluptates hic a voluptatem ducimus ratione. Dolorum veniam assumenda qui. Ut neque accusamus exercitationem commodi.', 1, '2018-05-26 13:41:30', '2018-05-26 13:41:30'),
(33, 74, 'Tyler Jacobson', 'Voluptas veritatis ipsum voluptates labore minima. Sunt veniam aut ea rerum recusandae. Dolor recusandae enim quam ea enim ut corporis.', 3, '2018-05-26 13:41:30', '2018-05-26 13:41:30'),
(34, 71, 'Ova Will', 'Ratione illum consequuntur corporis optio ad. Quaerat iure quo totam odio quia ut voluptate cupiditate. Voluptas eum voluptatum nesciunt ullam rerum aliquid.', 0, '2018-05-26 13:41:30', '2018-05-26 13:41:30'),
(35, 61, 'Luciano McClure', 'Aliquam aut eaque iusto alias sapiente at eos quia. Maxime et possimus harum et laboriosam illo nemo quo. Autem molestiae quibusdam ex quae. Sed ducimus voluptatibus modi cupiditate.', 2, '2018-05-26 13:41:30', '2018-05-26 13:41:30'),
(36, 15, 'Prof. Heather Hudson II', 'Autem nostrum saepe est placeat quia quaerat. Asperiores vero ab quia dicta. Ex quisquam possimus cum soluta labore.', 5, '2018-05-26 13:41:30', '2018-05-26 13:41:30'),
(37, 82, 'Prof. Alva Schinner IV', 'Rerum pariatur alias consectetur qui soluta veniam. Dicta aut minima eius quo exercitationem ab. Consectetur ex esse saepe quidem at eos. Ipsa maiores nisi quia consequatur unde quibusdam mollitia qui.', 5, '2018-05-26 13:41:30', '2018-05-26 13:41:30'),
(38, 39, 'Dr. Sean Koss', 'Ipsum quas sint itaque dignissimos ut omnis odit. Ipsum nesciunt sit aut voluptas dolor est est. In in eos non iusto doloribus ut at.', 5, '2018-05-26 13:41:30', '2018-05-26 13:41:30'),
(39, 7, 'Prof. Marisol Kuphal II', 'Est fugit sed et inventore. Et voluptatum omnis ea qui distinctio enim. Itaque velit molestiae qui at nulla.', 2, '2018-05-26 13:41:30', '2018-05-26 13:41:30'),
(40, 66, 'Koby Bartell Jr.', 'Occaecati alias quod excepturi autem ab voluptatibus. Excepturi quis rerum magnam amet consequatur veritatis. Praesentium maiores laboriosam molestias accusamus earum explicabo.', 0, '2018-05-26 13:41:30', '2018-05-26 13:41:30'),
(41, 52, 'Ward Schiller', 'Exercitationem aut quae nisi aut a modi. Repellendus incidunt autem molestiae magni pariatur recusandae et. Quaerat ullam eum eos sunt similique omnis porro.', 3, '2018-05-26 13:41:30', '2018-05-26 13:41:30'),
(42, 71, 'Sheridan Grady DVM', 'Quis magni officia cupiditate sit alias dolorem. Error omnis dolor et dolorum sed corporis. Et maiores doloribus ex et quo dicta.', 2, '2018-05-26 13:41:30', '2018-05-26 13:41:30'),
(43, 51, 'Tyra Heidenreich', 'Facilis dolore cupiditate aut fugiat enim. Ipsum tenetur dignissimos odio mollitia recusandae. Officia architecto numquam quasi nemo et quas vel. Deleniti cum necessitatibus officia quas.', 1, '2018-05-26 13:41:30', '2018-05-26 13:41:30'),
(44, 38, 'Prof. Shyanne McCullough', 'Porro quibusdam quas totam suscipit occaecati recusandae dolore. Error quia odit id consectetur nobis quae. Tenetur eum ullam quo fuga aut necessitatibus eaque. Iste non non qui quas.', 3, '2018-05-26 13:41:30', '2018-05-26 13:41:30'),
(45, 35, 'Genesis Rodriguez', 'Nihil doloremque nesciunt nesciunt ipsam consequatur veniam. Quaerat vitae cum velit voluptas omnis consequatur. Eligendi expedita repudiandae fugiat facilis dignissimos eum consectetur. Cum eaque mollitia iste et accusamus excepturi dicta voluptas.', 4, '2018-05-26 13:41:30', '2018-05-26 13:41:30'),
(46, 32, 'Miss Alexandrine Koepp III', 'Maxime qui et amet ipsa id numquam omnis perspiciatis. Aut nulla reiciendis dicta dolore explicabo facere. Quam porro ut repudiandae blanditiis quae. Dolor doloremque nobis officia.', 0, '2018-05-26 13:41:30', '2018-05-26 13:41:30'),
(47, 30, 'Prof. Derrick Kuphal III', 'Nulla minus quia consequatur modi ut quaerat laborum. Dolores qui distinctio animi illo nesciunt placeat.', 5, '2018-05-26 13:41:30', '2018-05-26 13:41:30'),
(48, 39, 'Dante Harber', 'Ratione pariatur vel autem voluptatem iure. Facilis recusandae in non perferendis impedit libero. Ut cum velit et aut est qui.', 2, '2018-05-26 13:41:30', '2018-05-26 13:41:30'),
(49, 4, 'Darryl Bechtelar', 'Harum perferendis magnam voluptatum. Facere perspiciatis nesciunt laboriosam natus.', 1, '2018-05-26 13:41:30', '2018-05-26 13:41:30'),
(50, 33, 'Lurline Lueilwitz', 'Cumque quis quaerat consequuntur aut. Numquam cum et ad quia labore ut. Aut blanditiis sed quas dolore delectus nihil rem.', 3, '2018-05-26 13:41:30', '2018-05-26 13:41:30'),
(51, 16, 'Paul Beahan', 'Maiores voluptates voluptatibus aspernatur velit rerum. Vitae dolore aut aut eligendi non et. Ut ut temporibus voluptas voluptatem deleniti aut.', 1, '2018-05-26 13:41:30', '2018-05-26 13:41:30'),
(52, 24, 'Ms. Makenzie Ritchie', 'Aliquid et nam omnis eos. Laborum enim amet animi vel. Necessitatibus eveniet repellat inventore porro dolorum nemo ea debitis.', 4, '2018-05-26 13:41:30', '2018-05-26 13:41:30'),
(53, 34, 'Kiley Langosh', 'Ex voluptas velit quod modi quia. Itaque ad ut nam consequuntur voluptatem eius consequuntur. Unde tenetur esse et officiis. Non iure veritatis architecto est.', 4, '2018-05-26 13:41:30', '2018-05-26 13:41:30'),
(54, 75, 'Thalia Mohr DDS', 'Atque quod sit ea. Minima suscipit ipsum natus totam.', 4, '2018-05-26 13:41:30', '2018-05-26 13:41:30'),
(55, 37, 'Madisen Donnelly', 'Illum numquam autem sit qui ut rerum maiores qui. Voluptas et est temporibus beatae iure quo. Error quis occaecati occaecati nobis tenetur et. Omnis ut labore perspiciatis.', 5, '2018-05-26 13:41:30', '2018-05-26 13:41:30'),
(56, 82, 'Grayce Stark DVM', 'Dolores natus qui nihil quis eum fuga. Sed architecto nam quisquam dolorem id neque consequatur. Unde recusandae est quis nihil ut in velit. Minima magnam fugit doloremque officia. Eos velit hic excepturi sed.', 4, '2018-05-26 13:41:30', '2018-05-26 13:41:30'),
(57, 27, 'Mrs. Madeline Moore MD', 'Veritatis eligendi maxime dicta placeat enim rerum cupiditate. Accusantium quas inventore consequatur culpa placeat et. Enim blanditiis pariatur non quia vero.', 3, '2018-05-26 13:41:30', '2018-05-26 13:41:30'),
(58, 77, 'Odie Hermann', 'Et quos et ad alias voluptate. Cum quo aut ducimus molestiae et ab totam. Dolor earum omnis recusandae qui sit molestiae. Et nihil magni rerum expedita.', 3, '2018-05-26 13:41:30', '2018-05-26 13:41:30'),
(59, 26, 'Orlando Stokes II', 'Dolorem sint voluptas magni reprehenderit. Est ab commodi ab sed quia id.', 3, '2018-05-26 13:41:30', '2018-05-26 13:41:30'),
(60, 90, 'Prof. Eugenia Satterfield Jr.', 'Id dolorem maxime assumenda provident delectus. Eaque voluptate id cupiditate aliquam. Ut sit eaque est quis.', 4, '2018-05-26 13:41:30', '2018-05-26 13:41:30'),
(61, 76, 'Dorothea Ondricka', 'Quia iusto qui aut facilis. Itaque vero dolor asperiores iure dicta. Et et fugiat cum quas temporibus.', 3, '2018-05-26 13:41:30', '2018-05-26 13:41:30'),
(62, 98, 'Opal Willms', 'Voluptates veritatis et quisquam. Maiores non nulla est est. Molestias pariatur aut tempore doloribus veniam odio.', 2, '2018-05-26 13:41:30', '2018-05-26 13:41:30'),
(63, 18, 'Arthur Hackett', 'Non et fuga inventore qui. Incidunt quo eum voluptatem. Aspernatur quidem et laborum quo quod vel amet. Unde quia dolorum esse.', 5, '2018-05-26 13:41:30', '2018-05-26 13:41:30'),
(64, 94, 'Dr. Ida Abshire', 'Dolores sint et velit ad. Doloribus voluptatem esse hic. Ut rem omnis quis et id cupiditate.', 4, '2018-05-26 13:41:30', '2018-05-26 13:41:30'),
(65, 19, 'Derick Thiel', 'Asperiores et recusandae voluptatum quis delectus repellendus quaerat. Mollitia aut fuga voluptatem nihil. Rerum pariatur consequatur exercitationem consequatur dolor velit. Animi fugit qui non. Error aut dolorem blanditiis voluptatem.', 0, '2018-05-26 13:41:30', '2018-05-26 13:41:30'),
(66, 76, 'Prof. Anastacio Hettinger DDS', 'Laudantium omnis quis porro qui similique. Eum atque qui ab et recusandae voluptatem repellat cupiditate. Consequatur sed nostrum culpa voluptas. Cupiditate repellendus autem sit.', 1, '2018-05-26 13:41:30', '2018-05-26 13:41:30'),
(67, 64, 'Davon Walker', 'Voluptatem nemo dolorum odit vero et laboriosam. Dolorem quo consequatur consequuntur temporibus. Adipisci voluptatem natus quibusdam enim consequuntur laudantium. Saepe placeat non et ut laudantium incidunt. Repellendus perspiciatis voluptatem corrupti est tempora asperiores.', 1, '2018-05-26 13:41:30', '2018-05-26 13:41:30'),
(68, 55, 'Eileen Harvey', 'Molestiae provident iste quae. Aut reiciendis quam quis enim vitae. Deserunt dolor illo nihil placeat.', 1, '2018-05-26 13:41:30', '2018-05-26 13:41:30'),
(69, 51, 'Meredith Cartwright', 'Dolor nobis id omnis minima similique consequatur repudiandae. Rerum et dicta est praesentium. Neque eius explicabo vel quas. Molestias explicabo expedita suscipit et quo et.', 1, '2018-05-26 13:41:30', '2018-05-26 13:41:30'),
(70, 6, 'Melissa Batz', 'Corrupti non cum quas aut atque quibusdam et. Aut maxime ut iure deleniti exercitationem velit nihil. Eos harum amet aliquid non dolores ullam. Dolorem enim nam amet minus. Doloremque beatae sapiente dolor commodi blanditiis ut aperiam quod.', 1, '2018-05-26 13:41:30', '2018-05-26 13:41:30'),
(71, 1, 'Moses Sanford', 'Magnam ad nesciunt at sed facilis voluptatum. Cupiditate nam ipsam doloribus nemo. Voluptatem consectetur odit eligendi nihil quaerat nisi. Voluptate in in dolor et modi pariatur.', 2, '2018-05-26 13:41:30', '2018-05-26 13:41:30'),
(72, 66, 'Taryn Leuschke III', 'Dolorum aut expedita eveniet exercitationem ut et. Sequi et dolores repudiandae incidunt est dolores. Dolore dolores eligendi non dolor itaque et. Quo ad asperiores autem fugit.', 0, '2018-05-26 13:41:30', '2018-05-26 13:41:30'),
(73, 75, 'Dixie Schmeler', 'Quis ipsa quos quam. Quisquam corrupti aut labore nostrum. Qui qui id repellat qui et fugit ratione. Iure et ipsam sit et rerum.', 4, '2018-05-26 13:41:30', '2018-05-26 13:41:30'),
(74, 54, 'Derick Barton', 'Numquam delectus earum architecto sint harum incidunt libero. Rerum omnis magni ut in perferendis. Asperiores qui sint et. Nihil dolores corrupti atque fuga minus quae et. Alias consequatur quis voluptas.', 4, '2018-05-26 13:41:30', '2018-05-26 13:41:30'),
(75, 18, 'Deondre Hand', 'Dolor labore cum explicabo ut. Porro voluptatem omnis odio quo. Et impedit enim occaecati quasi dolor quia.', 1, '2018-05-26 13:41:30', '2018-05-26 13:41:30'),
(76, 59, 'Mervin Jacobi I', 'Consequatur qui nemo enim sed. Aliquam ea corporis eos est. Aut quibusdam aperiam ut consequuntur quasi et et.', 1, '2018-05-26 13:41:30', '2018-05-26 13:41:30'),
(77, 41, 'Prof. Elyssa Kautzer DVM', 'Magnam molestiae non doloribus itaque modi adipisci nihil. Vitae ea occaecati iure quia recusandae. Vitae doloremque sunt quia minus tempore inventore commodi sit.', 4, '2018-05-26 13:41:30', '2018-05-26 13:41:30'),
(78, 60, 'Michael Crist', 'Quibusdam delectus esse quia vitae vitae ut. Dolores eaque ut non pariatur ut eos ut. Iste fuga dolorum maiores. Laboriosam aut ipsa quis non.', 3, '2018-05-26 13:41:30', '2018-05-26 13:41:30'),
(79, 50, 'Marilyne Kshlerin', 'Inventore rerum nobis nihil quia ut voluptas. Quis nam ipsam et ab. Modi recusandae quia fuga aspernatur magnam similique. Quod iure unde quis nihil impedit.', 2, '2018-05-26 13:41:30', '2018-05-26 13:41:30'),
(80, 36, 'Miss Rosemarie Schroeder Jr.', 'Dolor assumenda commodi vero voluptate omnis reiciendis. Dignissimos sequi earum quidem suscipit voluptates. Ipsa aut et temporibus sint. Ad enim est cum eaque. In et rerum natus.', 1, '2018-05-26 13:41:30', '2018-05-26 13:41:30'),
(81, 88, 'Emmanuelle Barton', 'Laudantium facere blanditiis et possimus. Molestias autem voluptatibus et aperiam facere quo et. Eos corporis iusto qui molestiae.', 1, '2018-05-26 13:41:30', '2018-05-26 13:41:30'),
(82, 36, 'Chester Thiel', 'Eius et consequuntur et amet sed ratione voluptatem eaque. Et repellendus culpa deserunt qui quia debitis. Perspiciatis exercitationem ut voluptas velit at. Porro veritatis molestiae itaque necessitatibus officiis deserunt tempora.', 1, '2018-05-26 13:41:30', '2018-05-26 13:41:30'),
(83, 78, 'Travis Kautzer', 'Facilis placeat dolor voluptatem fugit facilis ad. Consequatur omnis dolore aut modi ut. Alias quod mollitia sint nihil.', 4, '2018-05-26 13:41:30', '2018-05-26 13:41:30'),
(84, 80, 'Lessie Cummings', 'Ut deleniti incidunt voluptatem laudantium rerum aut cumque aut. Et quaerat laboriosam alias rerum dolorum rem beatae. Velit voluptatum consequatur repellendus corporis. In ipsam voluptates adipisci et.', 2, '2018-05-26 13:41:30', '2018-05-26 13:41:30'),
(85, 44, 'Hannah Medhurst', 'Culpa sunt pariatur itaque rerum mollitia qui molestias est. Repellendus mollitia officiis facere accusamus. Et id vitae aspernatur odio est dolorem aut. Qui vero voluptas unde minima illo aut quidem.', 1, '2018-05-26 13:41:30', '2018-05-26 13:41:30'),
(86, 33, 'Foster Hagenes', 'Provident est mollitia est nemo et placeat delectus dolore. Quos temporibus sit iure quae iste aperiam. Temporibus sunt ipsa ea vel sint. Libero voluptatem voluptatibus sunt quasi aut mollitia dolor perferendis. Assumenda et laboriosam harum perspiciatis.', 0, '2018-05-26 13:41:30', '2018-05-26 13:41:30'),
(87, 51, 'Kaia Orn', 'Quisquam laborum error est impedit est velit. Amet sed consequatur eius porro dolorem aut odio. Consequatur fugit ex velit. Corporis officia vel explicabo aut ea nam.', 1, '2018-05-26 13:41:30', '2018-05-26 13:41:30'),
(88, 71, 'Elody Terry', 'Voluptatem reiciendis est quae facilis. Numquam sapiente consequuntur ut facilis eos ut.', 1, '2018-05-26 13:41:30', '2018-05-26 13:41:30'),
(89, 69, 'Marcelina Balistreri', 'Voluptas facere odio eveniet esse qui modi. Voluptatem cumque aut sed qui eum provident reiciendis. Voluptatem laboriosam voluptate velit et maxime provident. Velit molestiae et eius minima labore adipisci vel.', 0, '2018-05-26 13:41:30', '2018-05-26 13:41:30'),
(90, 13, 'Joanie McDermott', 'Quia sequi voluptas accusantium autem harum ut eaque. Aut qui soluta voluptatem quo quaerat aspernatur dolores. Iste nobis repellendus architecto autem error aut repellendus. Aut quibusdam non iure tempore.', 4, '2018-05-26 13:41:30', '2018-05-26 13:41:30'),
(91, 70, 'Lexie Turcotte', 'Commodi quaerat fugit quae laborum et aut id et. Ipsam dolorum in voluptates placeat officiis. Facere aut consequuntur voluptatum suscipit minima.', 5, '2018-05-26 13:41:30', '2018-05-26 13:41:30'),
(92, 51, 'Hailee McClure', 'Quo reiciendis est deleniti quidem commodi. Voluptas sed voluptatem eaque. Nihil eum dolor libero itaque.', 0, '2018-05-26 13:41:30', '2018-05-26 13:41:30'),
(93, 26, 'Ms. Marguerite Sporer', 'Esse omnis voluptas error dolor ex et et. Accusantium ab nisi aut eius dolorem cum. Non molestias voluptatum ducimus sit aut.', 3, '2018-05-26 13:41:30', '2018-05-26 13:41:30'),
(94, 16, 'Mr. Gaston Tromp', 'Pariatur velit sapiente iusto dolorem officiis. Asperiores ratione omnis aperiam aut est. Non rerum ipsum est sint.', 4, '2018-05-26 13:41:30', '2018-05-26 13:41:30'),
(95, 69, 'Miss Justine Hills', 'Mollitia unde qui veniam totam illo aliquam. Amet ex ut autem odio consequatur. Aut et molestias maiores omnis.', 3, '2018-05-26 13:41:30', '2018-05-26 13:41:30'),
(96, 95, 'Hollie Kiehn', 'Voluptas amet impedit assumenda in. Veniam non totam delectus consequuntur est veniam rerum. Hic hic quam quisquam et blanditiis pariatur. Incidunt quis consectetur est magnam quaerat.', 5, '2018-05-26 13:41:30', '2018-05-26 13:41:30'),
(97, 15, 'Mrs. Beverly Considine', 'Est autem dolorum ut est architecto saepe vel. Labore alias ut eum nulla quos rerum dicta. Numquam ea sed aut voluptate.', 5, '2018-05-26 13:41:30', '2018-05-26 13:41:30'),
(98, 37, 'Mrs. Theresia Wiegand', 'Eos commodi et et explicabo. Dolores qui saepe nesciunt qui. Aut dolores id commodi et ut.', 5, '2018-05-26 13:41:30', '2018-05-26 13:41:30'),
(99, 84, 'Francesco DuBuque', 'Ut qui iste exercitationem autem soluta possimus cupiditate numquam. Atque iure enim asperiores non consequatur.', 1, '2018-05-26 13:41:30', '2018-05-26 13:41:30'),
(100, 34, 'Julia Krajcik', 'Nihil dolor consequuntur perferendis omnis nemo consectetur. Odit iusto aut soluta expedita ipsam est. Incidunt veniam natus voluptatem quia totam. Voluptatem qui et quia aperiam at quasi quod. Ex ex aliquam quas perferendis dolorem laboriosam.', 4, '2018-05-26 13:41:30', '2018-05-26 13:41:30'),
(101, 50, 'Dr. Gaston Rice', 'Facilis assumenda qui voluptas tempora aspernatur repudiandae. Asperiores aliquid voluptatem architecto. Ut laborum voluptatem deleniti repellendus magni ea debitis. Temporibus placeat nihil eum consectetur.', 5, '2018-05-26 13:41:30', '2018-05-26 13:41:30'),
(102, 25, 'Dillon Ratke', 'Voluptatem sapiente animi et et tempore atque vero. Qui similique praesentium odit at. Omnis praesentium et aliquam.', 3, '2018-05-26 13:41:30', '2018-05-26 13:41:30'),
(103, 52, 'Dr. Otis Daniel V', 'Voluptatem molestiae modi rerum. Et necessitatibus dolorum dignissimos aut mollitia non.', 1, '2018-05-26 13:41:30', '2018-05-26 13:41:30'),
(104, 44, 'Melyna Konopelski', 'Consequatur quam iste laudantium labore alias. Non soluta repellat doloribus neque. Voluptas nobis harum nostrum deleniti.', 4, '2018-05-26 13:41:30', '2018-05-26 13:41:30'),
(105, 55, 'Candida Morissette', 'Voluptatibus quasi temporibus quia iusto. Incidunt aut quia aliquid. Ut aut est blanditiis aperiam dolor.', 1, '2018-05-26 13:41:30', '2018-05-26 13:41:30'),
(106, 57, 'Lucinda Parisian', 'Quis labore non deleniti quia voluptas ducimus. Hic alias aliquid qui nemo est molestiae alias. Amet eveniet autem cum suscipit excepturi consequatur saepe eum. Laboriosam quo velit tempore nemo ipsam. Ipsum nostrum voluptates vel unde maxime enim.', 1, '2018-05-26 13:41:30', '2018-05-26 13:41:30'),
(107, 7, 'Destany Rau', 'Enim in qui qui. Neque minus unde enim in dolor. Maxime sit nemo quo maiores similique quasi.', 1, '2018-05-26 13:41:30', '2018-05-26 13:41:30'),
(108, 55, 'Odell Ondricka', 'In sed cupiditate pariatur quia rerum. Beatae et eum aspernatur commodi debitis autem minima.', 3, '2018-05-26 13:41:30', '2018-05-26 13:41:30'),
(109, 88, 'Mrs. Brenda Cronin', 'Optio id qui nihil culpa veritatis doloremque quas. Modi accusamus vel tenetur adipisci sed est occaecati quia. Debitis atque qui quia provident accusantium nihil. Et non voluptatem omnis neque quia architecto voluptas.', 0, '2018-05-26 13:41:30', '2018-05-26 13:41:30'),
(110, 1, 'Miss Anastasia Crist', 'Neque eos voluptatum qui minima dolorem omnis. Et pariatur accusantium maiores nulla. Soluta voluptas explicabo nobis. A ut repellat assumenda labore id consequatur enim rerum.', 0, '2018-05-26 13:41:30', '2018-05-26 13:41:30'),
(111, 27, 'Yesenia Russel', 'Iste ratione quo repudiandae id. Sunt quasi adipisci suscipit. Optio suscipit asperiores magni illo et veritatis. Omnis consequatur in veritatis perspiciatis dolorem facilis harum.', 3, '2018-05-26 13:41:30', '2018-05-26 13:41:30'),
(112, 91, 'Dr. Leda Ryan PhD', 'Ut tenetur saepe quibusdam est. Velit dicta reiciendis quos praesentium quia eveniet et. Esse atque quia vel illo voluptatibus ipsa et. Quis quod fugit est.', 1, '2018-05-26 13:41:30', '2018-05-26 13:41:30'),
(113, 14, 'Mr. Obie Casper I', 'Eius molestiae repellendus a. Cumque quis autem aut quis unde omnis est voluptas. Voluptatem officiis neque aspernatur.', 5, '2018-05-26 13:41:30', '2018-05-26 13:41:30'),
(114, 98, 'Aubree Abshire', 'Magni velit consequatur at quam enim autem. Qui aliquid quia tempore quia unde. Cum dolores delectus qui omnis natus.', 3, '2018-05-26 13:41:30', '2018-05-26 13:41:30'),
(115, 85, 'Mr. Jadon Price', 'Illo rem id nesciunt ea. Molestiae distinctio ullam earum ea. Dolore facere id molestiae voluptates omnis accusamus molestias provident.', 0, '2018-05-26 13:41:30', '2018-05-26 13:41:30'),
(116, 39, 'Miss Avis Keeling', 'Aperiam quo iure perferendis ex. Et ut facilis quo commodi. Sit et rerum quo est omnis aut asperiores.', 0, '2018-05-26 13:41:30', '2018-05-26 13:41:30'),
(117, 87, 'Lois Purdy', 'At vero qui qui numquam magnam consequatur. Quos fugit quod quam fugit. Atque praesentium corporis dolores.', 1, '2018-05-26 13:41:30', '2018-05-26 13:41:30'),
(118, 72, 'Bernadette Kulas', 'Sed est rem ea voluptatem aliquid eaque reiciendis. Maxime delectus odio optio. Eum omnis error qui quae omnis id.', 0, '2018-05-26 13:41:30', '2018-05-26 13:41:30'),
(119, 85, 'Elfrieda Cummings I', 'Eius et consequatur necessitatibus cum voluptates. Et dolore et veniam. Ut ut nulla voluptates.', 0, '2018-05-26 13:41:30', '2018-05-26 13:41:30'),
(120, 5, 'Aliza Roberts', 'Velit et quia cum laboriosam consequatur autem cumque. Ut corporis assumenda rerum ab recusandae fugiat. Quibusdam vero perferendis quo nihil quam.', 0, '2018-05-26 13:41:30', '2018-05-26 13:41:30'),
(121, 47, 'Savanah Jacobi Jr.', 'Quae reprehenderit magni et. Voluptatum eaque a enim ut quod. Impedit laboriosam aut tempore error earum magnam.', 0, '2018-05-26 13:41:30', '2018-05-26 13:41:30'),
(122, 77, 'Mr. Rocio Larson PhD', 'Enim qui hic non alias fugiat quis magni. Sunt ut ipsa maiores dolor optio. Earum dolore temporibus rem a libero quam. Dolorem fugiat et doloribus numquam.', 0, '2018-05-26 13:41:30', '2018-05-26 13:41:30'),
(123, 99, 'Kailee Jones', 'Sunt ea eos consequatur qui autem voluptates quibusdam. Assumenda eligendi assumenda nulla voluptatem totam omnis. Porro quod debitis distinctio praesentium porro ut molestiae. Impedit dolorem inventore rerum illo nihil.', 1, '2018-05-26 13:41:30', '2018-05-26 13:41:30'),
(124, 38, 'Dr. Lennie Kertzmann V', 'Praesentium eum dicta est odio commodi blanditiis reiciendis. Accusamus est voluptate nam architecto in.', 2, '2018-05-26 13:41:30', '2018-05-26 13:41:30'),
(125, 93, 'Dr. Nettie Hintz PhD', 'Ullam iusto autem ipsum optio ad porro. Quidem voluptas libero sint nihil mollitia quaerat consectetur. Autem praesentium quia eveniet maxime porro.', 3, '2018-05-26 13:41:30', '2018-05-26 13:41:30'),
(126, 10, 'Norris Wisozk', 'Ex quis optio voluptates provident veniam. Sit deleniti facere enim aut non dolores.', 2, '2018-05-26 13:41:30', '2018-05-26 13:41:30'),
(127, 40, 'Donnie Zulauf II', 'Distinctio et ullam ex repellendus. Eos sed omnis in nulla. Quia reprehenderit deleniti et debitis aspernatur aut accusamus.', 3, '2018-05-26 13:41:30', '2018-05-26 13:41:30'),
(128, 20, 'Lesly Cruickshank', 'Voluptas eius unde qui qui. Velit quo nostrum necessitatibus qui expedita quibusdam architecto.', 2, '2018-05-26 13:41:30', '2018-05-26 13:41:30'),
(129, 46, 'Miss Concepcion Torp V', 'Debitis esse sed non dolorem at qui consequatur tenetur. Quisquam sunt esse nesciunt omnis laborum quo voluptatem. Eveniet voluptatum ut et dignissimos dignissimos non quae dignissimos. Assumenda ullam sunt necessitatibus ab assumenda est assumenda.', 2, '2018-05-26 13:41:30', '2018-05-26 13:41:30'),
(130, 62, 'Shemar Zieme', 'Natus molestiae accusamus eaque qui iure quis. Non distinctio qui aperiam ut. Pariatur excepturi reiciendis accusantium vel.', 3, '2018-05-26 13:41:30', '2018-05-26 13:41:30'),
(131, 56, 'Dr. Johan Crist Jr.', 'Ipsa illum quo qui. Voluptatem magni voluptatem rerum voluptatum magni. Ut eius occaecati et itaque. Saepe rerum unde sunt consequatur.', 2, '2018-05-26 13:41:30', '2018-05-26 13:41:30'),
(132, 98, 'Ethyl Hahn Jr.', 'Nihil ea eligendi inventore sunt. Consequatur ullam quod minus nemo eveniet eos sunt. Magni hic aliquam enim aspernatur quod placeat. Et natus minus est corrupti autem expedita qui.', 2, '2018-05-26 13:41:30', '2018-05-26 13:41:30'),
(133, 26, 'Hillard Mohr V', 'Vitae non qui nulla officia. Iure voluptas libero et perferendis incidunt. Repellat placeat et esse voluptatem. Ad consectetur laudantium nemo ea dolorem ducimus sint.', 4, '2018-05-26 13:41:30', '2018-05-26 13:41:30'),
(134, 40, 'Prof. Wendy Moore', 'Non deserunt quas nisi earum et. Pariatur similique asperiores alias aperiam. Totam dolorum aliquid sint dolorem recusandae illo. Dolores voluptates nihil non hic voluptas.', 1, '2018-05-26 13:41:30', '2018-05-26 13:41:30'),
(135, 83, 'Ms. Elsa Nicolas', 'Eligendi reiciendis earum corporis accusantium. Veniam exercitationem autem asperiores. Error voluptatem sed aliquam velit tenetur est error.', 4, '2018-05-26 13:41:30', '2018-05-26 13:41:30'),
(136, 19, 'Prof. Kenya Wolff MD', 'Dolorem praesentium atque et et fugiat rerum quia. Doloremque dolore qui voluptas fugiat. Quos omnis suscipit perferendis veniam.', 5, '2018-05-26 13:41:30', '2018-05-26 13:41:30'),
(137, 90, 'Mr. Elbert Thompson', 'Quam voluptatem culpa debitis fugit porro et velit. Praesentium dolor recusandae iure quis. Quis voluptas odit incidunt voluptas ducimus natus dicta. Magnam placeat inventore hic voluptatem laborum. Ex illum id hic qui aut quidem eos ab.', 1, '2018-05-26 13:41:30', '2018-05-26 13:41:30'),
(138, 52, 'Jadon Morissette Jr.', 'Et dolores magnam sed vero. Ut laborum et ab consectetur iusto. Fuga quidem quia qui non praesentium et consequatur.', 3, '2018-05-26 13:41:30', '2018-05-26 13:41:30'),
(139, 3, 'Prof. Jedediah Hyatt II', 'Et incidunt et aspernatur voluptas perferendis. Enim provident sed aliquam porro eos. Maiores numquam consectetur nihil quod accusamus quis velit.', 3, '2018-05-26 13:41:30', '2018-05-26 13:41:30'),
(140, 15, 'Shannon Kshlerin', 'Cupiditate optio repudiandae atque aut quia id. Accusamus unde qui reprehenderit sunt consectetur sint. Doloremque ut tempora quidem deserunt quia aut.', 1, '2018-05-26 13:41:30', '2018-05-26 13:41:30'),
(141, 85, 'Mr. Ephraim Denesik Jr.', 'Ipsum similique eum itaque in et. Sunt eos harum et quae nisi saepe magni qui. Est quisquam qui similique. Sit vitae illum quos perferendis quo omnis quia.', 5, '2018-05-26 13:41:30', '2018-05-26 13:41:30'),
(142, 28, 'Miss Lizzie Russel IV', 'Qui autem qui inventore et non fugit fugiat doloribus. Consequuntur sequi eum molestiae totam qui. Cumque eum similique facere est commodi. Dolorem optio autem inventore ea culpa repellat.', 0, '2018-05-26 13:41:30', '2018-05-26 13:41:30'),
(143, 40, 'Terrell Cole', 'Magni veritatis voluptate facere voluptates similique nulla. Aspernatur facilis non nam voluptas velit eius id. Repellendus ea vel voluptatum dolores quibusdam.', 5, '2018-05-26 13:41:30', '2018-05-26 13:41:30'),
(144, 26, 'Francesco Steuber', 'Eos voluptatem ut tenetur facere iste harum exercitationem. Porro nostrum odit corporis officia facilis. Suscipit et vero dolores numquam dolores commodi cupiditate. Minima eaque reprehenderit ex quos pariatur excepturi placeat.', 0, '2018-05-26 13:41:30', '2018-05-26 13:41:30'),
(145, 75, 'Raina Larkin', 'Consequatur culpa inventore enim vel consequatur illum. Aut tempora quis et fugit necessitatibus doloribus eveniet. Quasi dicta mollitia reiciendis ratione. Velit non quia et vel libero. Voluptas eum iste ad maiores qui non.', 1, '2018-05-26 13:41:30', '2018-05-26 13:41:30'),
(146, 90, 'Dr. Danyka Herzog', 'Qui eaque mollitia magni necessitatibus tenetur hic. Accusantium iste velit aut ipsam magni. Qui deleniti esse consequatur.', 5, '2018-05-26 13:41:30', '2018-05-26 13:41:30'),
(147, 51, 'Mr. Turner Considine', 'Iure vel similique illo explicabo sed amet fugit illum. Dolore impedit possimus at velit voluptatem consequatur. Enim maxime id labore delectus harum sed nihil.', 0, '2018-05-26 13:41:30', '2018-05-26 13:41:30'),
(148, 91, 'Magdalen Sauer', 'Et tenetur quas officiis aliquid. Consequatur dolorem libero pariatur ut ea. Harum ad accusamus doloribus harum ducimus. Rem quam non qui et corporis tempora.', 1, '2018-05-26 13:41:30', '2018-05-26 13:41:30'),
(149, 76, 'Marielle Witting', 'Qui vitae consequatur harum exercitationem non aspernatur. Et eaque est sit facilis. Ea non quia alias totam aspernatur. Voluptatem consequuntur fugit nihil possimus.', 4, '2018-05-26 13:41:30', '2018-05-26 13:41:30'),
(150, 59, 'Ewell Erdman Sr.', 'Adipisci mollitia veniam sed atque cum omnis ea. Qui id minus reprehenderit adipisci. Id eaque sunt fuga sunt aut.', 3, '2018-05-26 13:41:30', '2018-05-26 13:41:30'),
(151, 76, 'Miss Ashtyn Harris', 'Rem dicta aut ea maiores. Repudiandae aut totam id sed.', 4, '2018-05-26 13:41:30', '2018-05-26 13:41:30'),
(152, 33, 'Russel Dibbert', 'Fugit illum aut dignissimos quis eius aut aut. Sequi eius est deserunt dolorem omnis. Hic animi rerum quod cumque.', 5, '2018-05-26 13:41:30', '2018-05-26 13:41:30'),
(153, 51, 'Haylee Marquardt MD', 'Totam quis ipsa tenetur cumque suscipit. Nihil minima ducimus dolores laudantium nobis quia et. Saepe aut error magni natus eos. Laboriosam aliquid fuga natus dolore.', 2, '2018-05-26 13:41:30', '2018-05-26 13:41:30'),
(154, 76, 'Lewis Bauch', 'Et voluptate hic ipsam omnis. Soluta hic quibusdam recusandae. Aut officia vel adipisci consequatur quibusdam. Labore totam saepe vero amet id pariatur.', 1, '2018-05-26 13:41:30', '2018-05-26 13:41:30'),
(155, 1, 'Andreanne Considine', 'Sapiente beatae voluptatem in dolor tempore id. Et suscipit repudiandae ad hic necessitatibus. Rerum consequatur sit error quo molestias. Iusto molestias harum ut.', 4, '2018-05-26 13:41:30', '2018-05-26 13:41:30'),
(156, 25, 'Amely Douglas', 'Fugiat asperiores reprehenderit eos consequatur reprehenderit qui ut. Vel ex minima est occaecati ut culpa sint. Velit natus id voluptates et voluptatem. Consequatur ipsam illo magni unde voluptatem. Quis voluptas placeat dolorum fugiat sint voluptatem incidunt.', 1, '2018-05-26 13:41:30', '2018-05-26 13:41:30'),
(157, 47, 'Jaylan Hilll', 'Minus voluptatem mollitia sed omnis. Repellat nam libero eos nulla quo expedita doloribus consectetur. Facilis impedit fugiat molestiae ullam ea sint. Tempora quas accusantium placeat dignissimos.', 0, '2018-05-26 13:41:30', '2018-05-26 13:41:30'),
(158, 98, 'Agnes Kreiger', 'Ut et velit qui consequatur. Quia illum aut quo et aut et.', 1, '2018-05-26 13:41:30', '2018-05-26 13:41:30'),
(159, 50, 'Dr. Lysanne Kovacek I', 'Eaque et aspernatur totam qui ipsam. Ut culpa magnam autem eius. Placeat maiores aperiam odit consequuntur et omnis quasi laborum.', 4, '2018-05-26 13:41:30', '2018-05-26 13:41:30'),
(160, 11, 'Archibald Kuvalis', 'Quidem recusandae et enim magnam et sit. Blanditiis architecto et harum ipsum eum provident. Eum officiis nesciunt natus. Ex deserunt est cum consequatur. Maxime animi ducimus dolores eos.', 2, '2018-05-26 13:41:30', '2018-05-26 13:41:30'),
(161, 36, 'Katharina Schneider', 'Architecto deserunt est excepturi unde magnam animi sint. Optio accusantium officiis quibusdam porro. Magni eligendi aut vero aut numquam illo deserunt. Corrupti blanditiis quae quam quas sequi.', 4, '2018-05-26 13:41:30', '2018-05-26 13:41:30'),
(162, 39, 'Verdie Ruecker', 'Velit earum nisi magni et necessitatibus. Similique minus dignissimos natus voluptate eveniet. Est vel ullam quam ratione dolor quibusdam deleniti.', 5, '2018-05-26 13:41:30', '2018-05-26 13:41:30'),
(163, 4, 'Antone Altenwerth', 'In et corrupti similique. Ut ratione consequatur iste sit enim dolores iste. Optio qui qui ut rerum maiores aliquam.', 0, '2018-05-26 13:41:30', '2018-05-26 13:41:30'),
(164, 64, 'Daphnee Reichert', 'Nobis aut sit in error ex omnis magni. Porro aspernatur et sit quia eos. Autem sunt impedit sunt a. Reprehenderit reiciendis occaecati aut voluptatem.', 4, '2018-05-26 13:41:30', '2018-05-26 13:41:30'),
(165, 11, 'Dr. Jake Predovic IV', 'Fugiat ratione accusamus et omnis velit accusantium. Amet architecto sit quaerat. Est enim sed eligendi vitae repudiandae quidem sunt.', 4, '2018-05-26 13:41:30', '2018-05-26 13:41:30'),
(166, 46, 'Mr. Benny Von', 'Possimus velit eligendi cumque commodi aut nesciunt dolor. Reprehenderit iure deleniti rerum modi totam. Dignissimos aut provident voluptatem enim nostrum. Magni et temporibus sunt.', 4, '2018-05-26 13:41:30', '2018-05-26 13:41:30'),
(167, 9, 'Patience Walter', 'Saepe eos eum voluptas qui dolor. Voluptas possimus quibusdam odit voluptatem et. Vero non delectus totam quia omnis. Iste ut adipisci architecto saepe sapiente.', 3, '2018-05-26 13:41:30', '2018-05-26 13:41:30'),
(168, 2, 'Geraldine Considine Jr.', 'Facere quam ipsum odio autem molestiae voluptate neque. Consequatur quia a eaque voluptatum sed quia nihil. Magnam voluptatem rem ipsa eveniet quaerat.', 1, '2018-05-26 13:41:30', '2018-05-26 13:41:30'),
(169, 22, 'Carolina Bergnaum V', 'Autem repellat commodi illo natus error. Maxime fugiat omnis aliquid unde quo quo. Eum omnis tempore debitis occaecati. Explicabo voluptatibus at quos aut aspernatur officia repellendus.', 2, '2018-05-26 13:41:30', '2018-05-26 13:41:30'),
(170, 49, 'Carmelo Douglas', 'Officia qui qui iure voluptatum rerum. Autem et nisi enim quia. Aut minus voluptatem delectus ipsum mollitia. Repellat perspiciatis amet ut doloremque ut commodi.', 3, '2018-05-26 13:41:30', '2018-05-26 13:41:30'),
(171, 47, 'Damion Crist', 'Ea similique autem et est reprehenderit et velit. Harum a reiciendis sunt maiores cumque est. Deleniti corrupti amet aut quibusdam dolores sed. Libero magni aperiam et mollitia ea sit in.', 2, '2018-05-26 13:41:30', '2018-05-26 13:41:30'),
(172, 17, 'Miss Eloise Steuber', 'Ut est harum nobis magni. Error modi nihil consequatur exercitationem expedita. Vel quas et eaque officia quis beatae accusantium.', 3, '2018-05-26 13:41:30', '2018-05-26 13:41:30'),
(173, 36, 'Mrs. Aubree Walker', 'Velit officia eos quibusdam non et sit voluptate. Et quos esse impedit dignissimos. Voluptas inventore voluptatum accusantium dicta voluptates.', 0, '2018-05-26 13:41:30', '2018-05-26 13:41:30'),
(174, 57, 'Monte Weimann', 'Nesciunt deleniti laudantium omnis. Ut fuga nihil quisquam voluptas reiciendis dolores quis odio.', 4, '2018-05-26 13:41:30', '2018-05-26 13:41:30'),
(175, 1, 'Precious Pouros', 'Quia voluptas facilis error similique officia qui. Dolor voluptatem id nulla porro et.', 1, '2018-05-26 13:41:30', '2018-05-26 13:41:30'),
(176, 80, 'Elissa Lowe DVM', 'Ab dolorem autem minus distinctio occaecati. Est sint ut sed aperiam voluptate ut. Voluptas delectus reprehenderit repellat consequatur beatae minima. Qui velit est reiciendis.', 5, '2018-05-26 13:41:30', '2018-05-26 13:41:30'),
(177, 84, 'Lacy Stroman', 'Minima magni non culpa consequatur voluptatem omnis. Ipsa veritatis reiciendis natus corrupti eos saepe. Delectus qui tempora quos neque non labore rem.', 1, '2018-05-26 13:41:30', '2018-05-26 13:41:30'),
(178, 94, 'Mrs. Alva Lindgren', 'Tempore non voluptatem exercitationem veniam aspernatur. Architecto molestias neque eos omnis quidem. Nesciunt quis et iure quod consequatur impedit et. Recusandae laboriosam veritatis itaque dolorum assumenda delectus. Pariatur est sed tempore vel.', 5, '2018-05-26 13:41:30', '2018-05-26 13:41:30'),
(179, 87, 'Leann Hagenes', 'Eum ea nemo aliquid repellendus veniam harum. Delectus ut autem incidunt excepturi tenetur suscipit.', 3, '2018-05-26 13:41:30', '2018-05-26 13:41:30'),
(180, 34, 'Vance Balistreri', 'Soluta sed quis adipisci perferendis. Animi nostrum quasi molestias minima sit excepturi. Aut ratione aut aut odit accusamus. Excepturi ad architecto ipsum accusamus officia voluptatem quidem.', 2, '2018-05-26 13:41:30', '2018-05-26 13:41:30'),
(181, 14, 'Ms. Sylvia Murazik DVM', 'Corporis temporibus fuga ab illum totam tenetur vitae. Minus fugit et dolorum ea sit illo. Minus magnam iure est sint. Magnam accusamus quos assumenda id recusandae non nulla. Voluptatem aliquid ut quo pariatur tempore nemo.', 3, '2018-05-26 13:41:30', '2018-05-26 13:41:30'),
(182, 6, 'Olga Aufderhar', 'Est error et quia aut ipsam recusandae doloremque. Placeat molestiae quis numquam voluptatem molestias aut. Accusamus sed mollitia laudantium ipsum ipsum assumenda qui ea. Hic expedita cum quam.', 4, '2018-05-26 13:41:30', '2018-05-26 13:41:30'),
(183, 40, 'Malachi Bayer I', 'Eligendi perspiciatis consequatur non mollitia. Et corrupti ut nemo asperiores. In odio provident sit explicabo minus sit. Quaerat autem cupiditate omnis.', 5, '2018-05-26 13:41:30', '2018-05-26 13:41:30'),
(184, 56, 'Cecil Breitenberg', 'Voluptas ullam atque hic officiis. Iure laborum ipsum debitis est omnis ipsa. Saepe necessitatibus neque voluptatum tempora modi quae. Non vero rem et cupiditate.', 0, '2018-05-26 13:41:30', '2018-05-26 13:41:30'),
(185, 50, 'Donnie Larkin', 'Ab fuga et vel ipsum animi laboriosam. Dolorum dolores amet aliquam laboriosam pariatur. Consequatur eaque aspernatur molestias totam consequuntur rem porro. Harum fuga laboriosam voluptas eum qui quo omnis quis.', 5, '2018-05-26 13:41:30', '2018-05-26 13:41:30'),
(186, 27, 'Miss Adrienne Leannon MD', 'Soluta rem nihil quos excepturi nam aut. Ex exercitationem sapiente dolores voluptatibus minus consectetur qui. Saepe sit rerum in sed.', 0, '2018-05-26 13:41:30', '2018-05-26 13:41:30'),
(187, 47, 'Ms. Samara Ward DDS', 'Exercitationem architecto veritatis dolorum accusamus iste. Nesciunt velit natus et quae laborum. Eos magni repellat et saepe ea. Blanditiis in iste possimus quo dolor ut voluptates.', 3, '2018-05-26 13:41:30', '2018-05-26 13:41:30'),
(188, 4, 'Aliya Gleason', 'Quis eligendi veritatis officiis et. Eum similique eaque nesciunt ipsum sit officia iure. Illum quaerat et repellat voluptatum sed consequatur.', 2, '2018-05-26 13:41:30', '2018-05-26 13:41:30'),
(189, 48, 'Vincenzo Cremin', 'Corporis esse porro culpa tenetur rerum. Sed quia recusandae quidem quod nesciunt dolores. Voluptas nemo iste tenetur totam dignissimos et est. Ad et debitis facilis rerum labore.', 5, '2018-05-26 13:41:30', '2018-05-26 13:41:30'),
(190, 89, 'Marley Strosin Sr.', 'Ut voluptatem dolor est sint quia atque. Rerum enim aliquam et omnis occaecati libero. Iure vel et optio dignissimos voluptatem. Ipsam qui nulla aut temporibus natus vitae.', 1, '2018-05-26 13:41:30', '2018-05-26 13:41:30'),
(191, 7, 'Yvonne Doyle', 'Totam repellat praesentium recusandae occaecati. Nam ut exercitationem accusamus odio est dignissimos at. Quasi excepturi fugiat quia officia quam reiciendis. Dolorum aspernatur nesciunt molestiae nihil.', 2, '2018-05-26 13:41:30', '2018-05-26 13:41:30'),
(192, 35, 'Dr. Joyce Wisoky', 'Omnis amet nihil et quam totam non. Dolorem incidunt distinctio impedit expedita sit vitae eveniet. Eveniet sit explicabo possimus consequatur. Delectus laborum libero iure excepturi dolorum omnis ut similique.', 2, '2018-05-26 13:41:30', '2018-05-26 13:41:30'),
(193, 21, 'Jackie Greenfelder I', 'Animi qui et pariatur assumenda dolorem. Temporibus accusamus dicta ut tempore. Non sit quia quisquam. Eum est quo non.', 5, '2018-05-26 13:41:30', '2018-05-26 13:41:30'),
(194, 16, 'Prof. Pierre Quigley Sr.', 'Explicabo itaque sit esse iusto impedit quos molestiae. Non eos nostrum quae laudantium exercitationem corrupti dignissimos facilis. Consectetur doloremque laboriosam ab necessitatibus aut ut atque. Aut atque repellat quaerat est et veniam quis earum.', 0, '2018-05-26 13:41:30', '2018-05-26 13:41:30'),
(195, 7, 'Dr. Zechariah Denesik I', 'Fuga harum dolor similique exercitationem id sed. Quo sapiente omnis deleniti neque. Sit nemo saepe sint eius delectus. Mollitia non minus commodi et. Dolore rerum nam laudantium labore.', 1, '2018-05-26 13:41:30', '2018-05-26 13:41:30'),
(196, 60, 'Vidal Waelchi', 'Ut est consequatur veniam asperiores. Quia ipsum non quam necessitatibus dolor voluptatem aperiam sit. Adipisci quod aut consequatur inventore dolorem libero.', 4, '2018-05-26 13:41:30', '2018-05-26 13:41:30'),
(197, 35, 'Sammy Balistreri', 'Sit et doloribus ratione in. Illum sed aliquid facilis molestiae.', 0, '2018-05-26 13:41:30', '2018-05-26 13:41:30'),
(198, 54, 'Helena Corwin', 'Ut ipsum ut minus excepturi ut. Provident soluta qui aut enim. Officia et rem ea nulla nemo. Aut ut est cum qui recusandae. Possimus delectus repellendus non aliquam.', 5, '2018-05-26 13:41:30', '2018-05-26 13:41:30'),
(199, 98, 'Alessandra Keebler', 'Sed quidem id omnis doloremque corporis id accusantium. Rerum pariatur cumque voluptatem sunt at sit. Corrupti modi tenetur quis eum fugiat. Et illum voluptatem neque.', 5, '2018-05-26 13:41:30', '2018-05-26 13:41:30'),
(200, 13, 'Angie Nikolaus', 'Minima accusantium qui voluptatibus quia quia eveniet. Sunt aut est sit veritatis. Omnis cupiditate temporibus fuga cumque eos.', 0, '2018-05-26 13:41:30', '2018-05-26 13:41:30'),
(201, 67, 'Asha Windler', 'Quia dolorum perferendis fugit corporis vel. Dolore unde sunt facere ut quae aut. Vel sed dolorem adipisci earum voluptas quos voluptatibus. Adipisci neque et et exercitationem aut et.', 1, '2018-05-26 13:41:30', '2018-05-26 13:41:30'),
(202, 15, 'Leonor Batz', 'Saepe ipsa mollitia aut cupiditate. Error quod et hic illum quaerat ex. Unde nostrum delectus aut ipsum. Consequatur sed totam quibusdam explicabo sunt accusamus.', 2, '2018-05-26 13:41:30', '2018-05-26 13:41:30'),
(203, 63, 'Lora Torphy DDS', 'Maiores dignissimos ea natus tempora est nihil mollitia qui. Numquam esse soluta necessitatibus esse. Ea voluptatem natus officiis et.', 4, '2018-05-26 13:41:30', '2018-05-26 13:41:30'),
(204, 40, 'Assunta Lowe', 'Neque quis sint cum tempore et eum nihil. Et autem porro sunt esse aliquid consequatur. Nobis rerum dolorem ut veritatis. Quaerat distinctio aut maxime.', 1, '2018-05-26 13:41:30', '2018-05-26 13:41:30'),
(205, 69, 'Noemy Barton', 'Quia cupiditate consequatur quia. Enim nisi reprehenderit dolor tenetur animi eum quas. Sed dolor voluptas veniam autem vel sunt.', 1, '2018-05-26 13:41:30', '2018-05-26 13:41:30'),
(206, 14, 'Audie Grimes', 'Distinctio est quisquam nisi repellat. Assumenda accusantium et aut nostrum. Alias voluptatem veniam cupiditate nemo. Quaerat repellendus commodi reprehenderit dolor. Id quis magnam sunt.', 0, '2018-05-26 13:41:30', '2018-05-26 13:41:30'),
(207, 92, 'Cody Baumbach', 'Et reiciendis ut dolores labore culpa. Sit quod non sunt earum expedita maiores quaerat. Exercitationem iste eligendi voluptates non.', 5, '2018-05-26 13:41:30', '2018-05-26 13:41:30'),
(208, 23, 'Natalie Little', 'Beatae nobis fuga exercitationem nam nihil dolor. Laboriosam est et qui quo sunt magni. Ratione quibusdam ipsam quis ullam expedita et.', 5, '2018-05-26 13:41:30', '2018-05-26 13:41:30'),
(209, 87, 'Miss Cara Huel', 'Sed quae praesentium quas dolores ratione nemo voluptatem. Facere necessitatibus error eum laborum sint. Impedit eius illum mollitia est magni corporis.', 5, '2018-05-26 13:41:30', '2018-05-26 13:41:30'),
(210, 18, 'Jakayla Hermann', 'Illum et earum pariatur voluptatum maiores architecto nisi minima. Dolore consequatur consequatur ea inventore nihil et iure reiciendis. Error ab velit est vitae minus officiis fuga. Tempore occaecati eum vero placeat.', 5, '2018-05-26 13:41:30', '2018-05-26 13:41:30');
INSERT INTO `reviews` (`id`, `product_id`, `customer`, `review`, `star`, `created_at`, `updated_at`) VALUES
(211, 78, 'Shanna Kirlin', 'Qui esse rerum et voluptatem. Quasi aut aliquid sapiente. Iusto incidunt harum voluptatibus eos suscipit iure.', 1, '2018-05-26 13:41:30', '2018-05-26 13:41:30'),
(212, 10, 'Berneice Quigley II', 'Dicta temporibus voluptate quos et quia officia fugiat. Fuga et doloribus repudiandae laborum veniam. At nesciunt pariatur quas fugiat.', 1, '2018-05-26 13:41:30', '2018-05-26 13:41:30'),
(213, 43, 'Violet Schiller', 'Commodi itaque provident quasi fuga eius molestiae culpa. Cumque ut deserunt sed quia labore ad omnis. Adipisci aut nihil ut voluptatem vero.', 5, '2018-05-26 13:41:30', '2018-05-26 13:41:30'),
(214, 45, 'Nikko Predovic', 'Perferendis aut ex sit corrupti dignissimos quas. Aut delectus perferendis explicabo ad. Temporibus aliquam blanditiis repudiandae dolor. Dignissimos qui sed dolores voluptatum libero perferendis aut.', 5, '2018-05-26 13:41:30', '2018-05-26 13:41:30'),
(215, 48, 'Deven Lang Sr.', 'Enim beatae ea est sapiente libero rerum. Assumenda itaque quidem iure enim eos ullam delectus. Consequatur dolorum sequi et qui.', 4, '2018-05-26 13:41:30', '2018-05-26 13:41:30'),
(216, 78, 'Nigel Trantow', 'Dignissimos et voluptatem consectetur aliquam velit laboriosam eos. A commodi deleniti quia eveniet earum voluptatem. Perferendis et totam dolores beatae laborum tempora velit. Veritatis architecto corporis quae eveniet.', 3, '2018-05-26 13:41:30', '2018-05-26 13:41:30'),
(217, 87, 'Mrs. Gwendolyn Larkin', 'Aut aut cum enim aut voluptatum dolorum ea. Illo veniam sit et cumque. Sit est voluptatem similique laudantium nam fugiat enim aut. Molestias ex sint voluptas laboriosam animi saepe non.', 5, '2018-05-26 13:41:30', '2018-05-26 13:41:30'),
(218, 16, 'Terence Ziemann', 'Et at debitis velit qui. Ex quo eos inventore. Quo et facere ut esse fugiat. Debitis rerum veritatis perferendis corrupti quia ipsum et.', 4, '2018-05-26 13:41:30', '2018-05-26 13:41:30'),
(219, 45, 'Waino Ratke', 'Ullam iste quibusdam officiis non. Ut error quia tempore debitis. Deleniti magnam eveniet qui. Enim et voluptatem illo rerum blanditiis delectus.', 1, '2018-05-26 13:41:30', '2018-05-26 13:41:30'),
(220, 33, 'Ms. Shannon Raynor IV', 'Est qui minima omnis impedit veritatis. Ut consequatur magnam sed ea molestiae.', 2, '2018-05-26 13:41:30', '2018-05-26 13:41:30'),
(221, 43, 'Maynard Friesen IV', 'Accusamus odio omnis est enim rem consequatur mollitia. Id quas libero et cupiditate in fugiat. Accusantium tempore cum sit fugit corporis aut aut eos.', 5, '2018-05-26 13:41:30', '2018-05-26 13:41:30'),
(222, 76, 'Miss Norma Kuhn Sr.', 'Voluptas amet consequatur pariatur illo laudantium. Eaque praesentium eaque illum voluptatem itaque. Et dolores est dolorem nihil.', 3, '2018-05-26 13:41:30', '2018-05-26 13:41:30'),
(223, 23, 'Michele Will', 'Laborum excepturi sapiente ut nobis velit consequuntur consectetur. Suscipit mollitia et cumque veniam commodi. Deleniti dolores iure mollitia inventore.', 5, '2018-05-26 13:41:30', '2018-05-26 13:41:30'),
(224, 30, 'Dr. Levi Ernser DDS', 'Sapiente at ipsam incidunt placeat quia occaecati. Aut consequatur repudiandae voluptate officia ea vero. Quia omnis vel recusandae ratione ut omnis. Ut neque minima rerum.', 0, '2018-05-26 13:41:30', '2018-05-26 13:41:30'),
(225, 63, 'Osborne Pacocha', 'Quia quia aspernatur non consequatur et architecto. Qui ut et nihil ea et. Laboriosam quia ipsam perferendis inventore. Optio qui voluptatem deleniti quo minima eos asperiores. Incidunt excepturi voluptatibus voluptate nihil.', 5, '2018-05-26 13:41:30', '2018-05-26 13:41:30'),
(226, 36, 'Mitchell Price', 'Non quibusdam earum repellendus et nisi. Dolor rerum ratione dolorum voluptatem. Ut amet nihil reprehenderit voluptas ut pariatur beatae. Illum et voluptate et.', 5, '2018-05-26 13:41:30', '2018-05-26 13:41:30'),
(227, 49, 'Mrs. Kelly Bailey', 'Autem in laudantium laudantium provident dolorem et. Saepe itaque ut nam et aut. Possimus ipsum repudiandae dolor facere magni rerum. Aut architecto quo provident rerum a necessitatibus fuga delectus.', 3, '2018-05-26 13:41:30', '2018-05-26 13:41:30'),
(228, 35, 'Creola Toy Sr.', 'Et quo excepturi ut voluptatem officiis inventore vel. Vel molestiae repellat dolorem rem modi dicta sequi quia. Soluta nulla iure molestiae necessitatibus quidem.', 2, '2018-05-26 13:41:30', '2018-05-26 13:41:30'),
(229, 14, 'Ashlynn Waelchi', 'Cupiditate eaque et voluptas voluptas quasi sed quia natus. Enim eos quae quam sunt occaecati. Nisi dolor sed ea reiciendis non eum voluptas.', 4, '2018-05-26 13:41:30', '2018-05-26 13:41:30'),
(230, 74, 'Mr. Trent Deckow PhD', 'Excepturi ullam in non ipsam sit aut quos. Neque et velit nihil dolore dolorem a tempora. Recusandae nihil quia ullam libero. Et laudantium similique iusto eius cupiditate omnis temporibus. Eveniet placeat consequuntur id beatae hic.', 5, '2018-05-26 13:41:30', '2018-05-26 13:41:30'),
(231, 50, 'Lilly Kemmer', 'Itaque qui temporibus libero esse dolorem impedit voluptatem. Esse eum et recusandae perferendis est voluptatem. Veniam minus tempore hic repellendus beatae omnis pariatur. Delectus impedit ducimus labore assumenda aut.', 1, '2018-05-26 13:41:30', '2018-05-26 13:41:30'),
(232, 28, 'Dr. Maximus Frami', 'Dolore sed pariatur ab alias nulla iste vel. Ut esse aut et consequatur quos magnam perspiciatis libero. Voluptate vitae qui sapiente atque. Ut voluptate quae autem mollitia.', 0, '2018-05-26 13:41:30', '2018-05-26 13:41:30'),
(233, 80, 'Ms. Fabiola Stiedemann', 'Et nulla qui ea. Possimus qui iure rerum magni. Accusamus et impedit aut vel. Ad est voluptate facilis sint.', 5, '2018-05-26 13:41:30', '2018-05-26 13:41:30'),
(234, 91, 'Jade Rippin', 'Nulla sunt accusantium autem aut quod quisquam odio. Similique voluptatum adipisci dolorem corrupti aspernatur labore qui. Similique quia ratione sit provident quis harum impedit.', 3, '2018-05-26 13:41:30', '2018-05-26 13:41:30'),
(235, 47, 'Vilma Harris', 'Est voluptatum quas unde rerum. Deserunt laboriosam error quia qui magni et. Fuga fugiat rem ea.', 3, '2018-05-26 13:41:30', '2018-05-26 13:41:30'),
(236, 54, 'Dr. Martina Rempel Sr.', 'Id corrupti id commodi esse blanditiis repellat. Quia quis et est ab et. Autem iure accusamus voluptas cupiditate voluptatem aspernatur quia.', 0, '2018-05-26 13:41:30', '2018-05-26 13:41:30'),
(237, 97, 'Mrs. Anabelle Berge III', 'Aut animi et numquam. Distinctio aliquid asperiores itaque maiores labore. Qui a cum aliquam suscipit sit.', 1, '2018-05-26 13:41:30', '2018-05-26 13:41:30'),
(238, 46, 'Jennyfer Yost', 'Corporis cupiditate sunt consequatur iure. Fugit tempore rerum omnis odit animi non quis. Qui est corrupti cumque aperiam praesentium.', 4, '2018-05-26 13:41:30', '2018-05-26 13:41:30'),
(239, 45, 'Ava Mills', 'Facere non quod dolorem nostrum. Quas molestiae ratione voluptatibus in veniam dolores ullam. Explicabo placeat a consequatur incidunt facilis perspiciatis.', 3, '2018-05-26 13:41:30', '2018-05-26 13:41:30'),
(240, 60, 'Mr. Brando Larkin', 'Voluptas nihil non facere numquam doloremque. Et ab sed est vitae et velit aut consequatur. Quaerat neque sapiente sint exercitationem. Repudiandae ut voluptatem nostrum ut.', 0, '2018-05-26 13:41:30', '2018-05-26 13:41:30'),
(241, 40, 'Wilbert Lockman', 'Rerum asperiores sit sunt itaque iusto ut. Dolor error tenetur facere eveniet reiciendis autem ut. Ipsa eos totam dolorum reprehenderit. Consequatur facilis eos ut. Est eaque repellat in est sint tempore.', 2, '2018-05-26 13:41:30', '2018-05-26 13:41:30'),
(242, 6, 'Urban Waelchi', 'Suscipit distinctio ea eius quod nesciunt ut. Tenetur amet aliquam nam quia sint commodi. Dolorum voluptate aspernatur sint quibusdam corporis.', 4, '2018-05-26 13:41:30', '2018-05-26 13:41:30'),
(243, 73, 'Martina Watsica', 'Qui eum amet qui est. Magnam qui itaque aperiam et quae.', 2, '2018-05-26 13:41:30', '2018-05-26 13:41:30'),
(244, 26, 'Rubye O\'Keefe', 'Quasi consequatur incidunt ut inventore. Et ipsam dolor ipsam consequuntur. Sunt iusto voluptatem mollitia beatae modi. Porro consequuntur et dolorem velit dolore.', 1, '2018-05-26 13:41:30', '2018-05-26 13:41:30'),
(245, 62, 'Prof. Jacynthe Oberbrunner Sr.', 'Officiis in odit id. Expedita temporibus debitis ut consectetur odit ab. Qui nam corrupti quasi quia nulla atque. Sint nulla harum autem repellendus tempora tempora excepturi.', 0, '2018-05-26 13:41:30', '2018-05-26 13:41:30'),
(246, 33, 'Brittany Casper', 'Porro non quisquam ut corporis ut repellendus sint sequi. Ipsam cupiditate hic veritatis sed eos vitae consequuntur. Delectus nam dolorem architecto a quae vel praesentium.', 4, '2018-05-26 13:41:30', '2018-05-26 13:41:30'),
(247, 21, 'Mrs. Mikayla Hansen', 'Quis aut quaerat sed reprehenderit cumque sunt odit. Incidunt recusandae eum sed molestias praesentium alias.', 5, '2018-05-26 13:41:30', '2018-05-26 13:41:30'),
(248, 71, 'Yasmine Mraz', 'Qui ducimus expedita architecto odit aut soluta consequatur maiores. Omnis cupiditate et est corporis in. Sunt autem molestiae commodi sit id labore quas. Distinctio quasi qui voluptate id non nostrum.', 0, '2018-05-26 13:41:30', '2018-05-26 13:41:30'),
(249, 25, 'Pattie Kulas', 'Accusamus ipsa dignissimos quam soluta iure aut. Eius officia et molestias deleniti molestiae.', 1, '2018-05-26 13:41:30', '2018-05-26 13:41:30'),
(250, 82, 'Alene King', 'Quae accusamus ipsa ea quibusdam. Velit exercitationem voluptatibus iste. Ab quo corrupti quis odit repudiandae vel consequatur.', 4, '2018-05-26 13:41:30', '2018-05-26 13:41:30'),
(251, 85, 'Diamond Renner', 'Error eos maxime illum voluptatem aliquid non delectus. Ducimus sit quo neque quas aut. Fuga esse sint eos est similique tempora dolor qui. Distinctio id est omnis.', 2, '2018-05-26 13:41:30', '2018-05-26 13:41:30'),
(252, 59, 'Carolina Kunde', 'Minus officiis nam architecto alias praesentium molestias corrupti. Pariatur est quia sunt aut nihil. Dolorem ducimus possimus nisi autem inventore.', 3, '2018-05-26 13:41:30', '2018-05-26 13:41:30'),
(253, 40, 'Mr. Ismael Gleichner', 'Illum id itaque sunt distinctio voluptas. Amet aperiam est illo at. Ut est at odio velit veniam voluptas.', 5, '2018-05-26 13:41:30', '2018-05-26 13:41:30'),
(254, 45, 'Prof. Nova Gleichner', 'Sequi non quis animi et alias. Mollitia non nihil ut ut. Voluptas voluptatem eos aliquam vel rerum. Ullam nulla non in unde sit est asperiores.', 2, '2018-05-26 13:41:30', '2018-05-26 13:41:30'),
(255, 89, 'Celestino Walsh', 'Voluptatem qui hic omnis ratione voluptate. Saepe nemo alias soluta aliquid quas architecto accusamus. Et odit vero magnam voluptatem tenetur. Facere accusantium molestias quia est et rerum quam. Omnis perferendis beatae iusto vitae.', 5, '2018-05-26 13:41:30', '2018-05-26 13:41:30'),
(256, 19, 'Hans Greenholt Jr.', 'Et aut enim libero. Ut aut voluptas praesentium officia ducimus.', 4, '2018-05-26 13:41:30', '2018-05-26 13:41:30'),
(257, 92, 'Oliver Reilly II', 'Vero accusamus quas minima dolores voluptatem voluptates aspernatur expedita. Voluptates dolor est natus dicta voluptatem est. Velit qui dignissimos sapiente repellendus molestias. Incidunt consequatur ex qui nostrum natus sed soluta.', 2, '2018-05-26 13:41:30', '2018-05-26 13:41:30'),
(258, 8, 'Prof. Beatrice Kovacek Jr.', 'Numquam sapiente et earum consequatur molestiae. Ut exercitationem ut cupiditate praesentium aut. Porro et possimus sunt enim est voluptatem omnis. Illo enim ipsam necessitatibus eos qui facilis perferendis qui.', 1, '2018-05-26 13:41:30', '2018-05-26 13:41:30'),
(259, 71, 'Lori Bahringer', 'Fugiat ut sit beatae iure blanditiis qui. Est sit molestiae impedit porro officia et ut. Consectetur maiores sunt cumque modi. Quod fugiat sapiente quis consequatur maiores.', 0, '2018-05-26 13:41:30', '2018-05-26 13:41:30'),
(260, 23, 'Dr. Krystel Ward', 'Harum sequi consequatur consectetur voluptatem quibusdam. Occaecati similique excepturi fugit repellat iste.', 5, '2018-05-26 13:41:30', '2018-05-26 13:41:30'),
(261, 51, 'Brooklyn Lockman', 'Delectus quia et ut dolorum eos. Eveniet omnis molestiae et perferendis voluptas dolor quae ea. Ut inventore ut aliquam maiores. Culpa natus odit illo sint eum. Voluptas quibusdam voluptas eius esse quis facere.', 1, '2018-05-26 13:41:30', '2018-05-26 13:41:30'),
(262, 85, 'Mr. Sebastian Haley', 'Eos occaecati consequatur voluptate non ipsam earum placeat. Et alias ut possimus molestias esse voluptatem. Debitis et numquam beatae nam ut.', 0, '2018-05-26 13:41:30', '2018-05-26 13:41:30'),
(263, 93, 'Mr. Boris Casper DDS', 'Doloremque aliquid dolores cupiditate vero odio sed velit. Et porro alias quidem atque. Enim quos amet quia.', 1, '2018-05-26 13:41:30', '2018-05-26 13:41:30'),
(264, 81, 'Dr. Damaris Stark MD', 'Et ut ullam dolore et sit in. Voluptas debitis dolore enim placeat odio ipsa doloribus. Vel minima voluptas quisquam saepe.', 4, '2018-05-26 13:41:30', '2018-05-26 13:41:30'),
(265, 64, 'Solon Nienow V', 'Molestiae assumenda sint et rerum facilis praesentium. Et dolor dolore ea laboriosam. Quo omnis commodi doloremque ducimus velit maxime.', 1, '2018-05-26 13:41:30', '2018-05-26 13:41:30'),
(266, 1, 'Nathanael McDermott', 'Et optio est odio exercitationem aut adipisci. Molestias velit aperiam aut qui fugiat fuga et asperiores. Dignissimos quo aperiam et rem. Sed quia suscipit est aut. Consequuntur labore optio repudiandae corporis dolor dolorem velit.', 3, '2018-05-26 13:41:30', '2018-05-26 13:41:30'),
(267, 84, 'Dr. Avis Maggio', 'Consequatur tenetur saepe itaque quia explicabo exercitationem. Magnam aut vero quis sit earum. Labore reprehenderit explicabo perferendis accusantium. Vero vero in soluta et quis accusantium ea.', 2, '2018-05-26 13:41:30', '2018-05-26 13:41:30'),
(268, 18, 'Lucie Kassulke', 'Hic iste praesentium facere ut qui beatae aut. Quibusdam ea nisi et velit aut. Occaecati dolorem quia odit vel ut deleniti.', 1, '2018-05-26 13:41:30', '2018-05-26 13:41:30'),
(269, 2, 'Kristofer Ziemann IV', 'Molestiae quibusdam tempora qui et consectetur. Perspiciatis velit eveniet explicabo rerum molestias. Ex dolor rerum facilis iste. Non voluptatem temporibus cumque non perferendis.', 5, '2018-05-26 13:41:30', '2018-05-26 13:41:30'),
(270, 98, 'Beulah Cruickshank', 'Numquam tenetur inventore nobis aut. Laborum velit praesentium harum adipisci consequatur doloribus. Nesciunt quisquam est facilis laudantium pariatur.', 1, '2018-05-26 13:41:30', '2018-05-26 13:41:30'),
(271, 56, 'Fabiola Hammes', 'Ipsam expedita dolorum non nam dolor sed. Aut consequatur qui ipsum minus qui a voluptatum. Et itaque harum voluptatum est.', 4, '2018-05-26 13:41:30', '2018-05-26 13:41:30'),
(272, 53, 'Antonette Cormier MD', 'Est quae voluptas vel. Tenetur qui accusantium molestias qui eum. Esse dolore non enim vero. Consequatur necessitatibus illo soluta et et expedita enim. Temporibus odio voluptatem ipsum sint.', 3, '2018-05-26 13:41:30', '2018-05-26 13:41:30'),
(273, 47, 'Dean Stracke', 'Architecto tempora qui atque doloremque quos. In quia suscipit voluptatum sint. Nostrum veniam provident magni saepe est sed. Incidunt recusandae fugit consequatur.', 5, '2018-05-26 13:41:30', '2018-05-26 13:41:30'),
(274, 18, 'Jimmie Kihn', 'Aperiam vel velit distinctio quidem omnis odio est. Quam sit et autem eligendi. Aspernatur est beatae illum architecto veritatis voluptatum nihil.', 2, '2018-05-26 13:41:30', '2018-05-26 13:41:30'),
(275, 76, 'Effie VonRueden IV', 'Omnis sit quam sint eius quia ut. Autem error quisquam ratione. Non molestiae similique veniam dolorem non voluptas impedit.', 5, '2018-05-26 13:41:30', '2018-05-26 13:41:30'),
(276, 38, 'Dr. Myriam Ziemann II', 'Qui suscipit ipsam et non. Quasi provident aut et natus cum placeat. Blanditiis saepe quos laboriosam ut quas ducimus asperiores. Quae similique quos consequatur doloribus adipisci tempore.', 1, '2018-05-26 13:41:30', '2018-05-26 13:41:30'),
(277, 69, 'Alberta Haag', 'Accusantium est eius quibusdam. Quidem voluptate aut quam quaerat veritatis. Aut aut eos quis nisi exercitationem exercitationem qui.', 3, '2018-05-26 13:41:30', '2018-05-26 13:41:30'),
(278, 26, 'Meaghan Wyman', 'Cum dolorum ex aperiam nesciunt. Possimus aliquam voluptates totam aut numquam sit. Aliquam minima dignissimos cumque quos. Hic quas ex placeat vero omnis assumenda assumenda.', 0, '2018-05-26 13:41:30', '2018-05-26 13:41:30'),
(279, 100, 'Danial Miller', 'Autem sit in quia porro et qui. Expedita minima rem nemo molestiae recusandae.', 3, '2018-05-26 13:41:30', '2018-05-26 13:41:30'),
(280, 31, 'Abigayle Vandervort Sr.', 'Rerum porro aut iure eos iusto ut. Deserunt autem nulla sed itaque. Reiciendis ex error quidem voluptas sit quasi.', 2, '2018-05-26 13:41:30', '2018-05-26 13:41:30'),
(281, 14, 'Dr. Quinten Schumm V', 'Sit qui quae consectetur consequatur vel dolorem sint. Magni temporibus necessitatibus tempore quae quam et qui officia.', 5, '2018-05-26 13:41:30', '2018-05-26 13:41:30'),
(282, 82, 'Rodolfo Treutel', 'Est veniam quidem iusto quasi nemo consequatur et. Repellendus earum asperiores eaque unde. Nemo unde mollitia asperiores consequatur accusantium.', 1, '2018-05-26 13:41:30', '2018-05-26 13:41:30'),
(283, 37, 'Prof. Abelardo Haley', 'Dolorum quis in sit vero quia ipsa commodi ab. Eveniet aliquam repellendus optio et. Velit dignissimos occaecati aut est repellat minus.', 4, '2018-05-26 13:41:30', '2018-05-26 13:41:30'),
(284, 26, 'Neva Gleason', 'Temporibus est quo id sint nostrum. Quibusdam dolorem rerum nihil sed. Unde nemo dolorum officia explicabo quos assumenda error.', 3, '2018-05-26 13:41:30', '2018-05-26 13:41:30'),
(285, 75, 'Kasandra Gerhold', 'Et quos enim voluptates odio praesentium. Eos sequi ratione quasi voluptatem. Tempore sed consequatur est.', 1, '2018-05-26 13:41:30', '2018-05-26 13:41:30'),
(286, 43, 'Rick Quitzon Sr.', 'Quae consectetur nesciunt eius est quo reiciendis eligendi odio. Accusantium distinctio distinctio non accusantium. Consequatur voluptate ut perferendis tempore nam magnam voluptatem. Cum cum est qui sint.', 5, '2018-05-26 13:41:30', '2018-05-26 13:41:30'),
(287, 26, 'Ms. Alene Rath', 'Et veritatis doloribus veritatis temporibus et. Et consequatur adipisci maxime quibusdam quam pariatur ut. Ut ullam doloremque iste sit. Maxime dolorum quos id aliquam consequuntur.', 3, '2018-05-26 13:41:30', '2018-05-26 13:41:30'),
(288, 8, 'Frankie Bahringer', 'Qui consequuntur molestiae totam quia porro fugiat neque. Voluptatem aut iusto ratione ea. Laudantium eius expedita voluptatem omnis vitae.', 5, '2018-05-26 13:41:30', '2018-05-26 13:41:30'),
(289, 12, 'Kirstin Koch', 'Et voluptas et consequatur in fugiat. Porro voluptatum eum nihil ipsum. Sit consequuntur ea velit vel error quam.', 4, '2018-05-26 13:41:30', '2018-05-26 13:41:30'),
(290, 54, 'Myrtice Gleichner', 'Id delectus id veritatis officiis et harum in. Sunt et quia et ut ex eius officiis. Odit recusandae rem voluptatum ducimus corrupti.', 0, '2018-05-26 13:41:30', '2018-05-26 13:41:30'),
(291, 4, 'Tracey Lowe', 'Id atque accusamus omnis nesciunt illum est. Commodi omnis ut accusantium dicta. Nihil ab a exercitationem non porro ut expedita. Ea aut consequatur est dignissimos quasi.', 5, '2018-05-26 13:41:30', '2018-05-26 13:41:30'),
(292, 99, 'Arch Shields', 'Magni ullam eum qui est voluptatibus iusto sed. Ducimus veniam doloribus veniam id tempore.', 2, '2018-05-26 13:41:30', '2018-05-26 13:41:30'),
(293, 5, 'Bernie Bogan', 'Qui sunt qui culpa a. Et libero sit et numquam dignissimos vitae.', 2, '2018-05-26 13:41:30', '2018-05-26 13:41:30'),
(294, 18, 'Eliseo Cole', 'Aut veritatis et porro. Laudantium quos sequi iste voluptas sint. Perspiciatis quia omnis quisquam ratione magnam. Vitae delectus nulla sed quidem quas aut dolor.', 3, '2018-05-26 13:41:30', '2018-05-26 13:41:30'),
(295, 10, 'Glennie Berge III', 'Animi ut nobis pariatur ab. Eveniet rerum eos et dolor eos molestiae iusto. Illum rerum et ab.', 1, '2018-05-26 13:41:30', '2018-05-26 13:41:30'),
(296, 52, 'Tess Murray', 'Velit commodi vel provident sed eveniet et non. Iste id occaecati delectus ipsa. Dolor odio in qui veniam ab alias at. Debitis non corporis id impedit.', 4, '2018-05-26 13:41:30', '2018-05-26 13:41:30'),
(297, 77, 'Kailee Koelpin Jr.', 'Voluptatem reiciendis veniam et et dolorem consequatur. Dignissimos eaque at odio libero. Velit ipsa possimus sed. Et autem distinctio qui cum possimus suscipit. Dolorem tempora voluptates eum et.', 0, '2018-05-26 13:41:30', '2018-05-26 13:41:30'),
(298, 30, 'Colton Casper', 'Occaecati ipsa accusamus et veritatis illo. Sint quos accusamus qui autem quia praesentium sint. Nihil et ut distinctio temporibus in. Doloribus commodi magnam ut quia libero.', 3, '2018-05-26 13:41:30', '2018-05-26 13:41:30'),
(299, 100, 'Mrs. Hellen Lehner', 'Et inventore veniam quibusdam sint ut vel. Omnis doloremque necessitatibus ad. Sint ullam commodi soluta ea excepturi iure.', 1, '2018-05-26 13:41:30', '2018-05-26 13:41:30'),
(300, 82, 'Alfreda Gusikowski', 'Officia similique tenetur et blanditiis ut temporibus cupiditate. Aut ea inventore pariatur eum blanditiis itaque quo. Officiis expedita facere est aut. Dolores omnis modi eos doloremque.', 1, '2018-05-26 13:41:30', '2018-05-26 13:41:30');

-- --------------------------------------------------------

--
-- Table structure for table `users`
--

CREATE TABLE `users` (
  `id` int(10) UNSIGNED NOT NULL,
  `name` varchar(191) COLLATE utf8mb4_unicode_ci NOT NULL,
  `email` varchar(191) COLLATE utf8mb4_unicode_ci NOT NULL,
  `password` varchar(191) COLLATE utf8mb4_unicode_ci NOT NULL,
  `remember_token` varchar(100) COLLATE utf8mb4_unicode_ci DEFAULT NULL,
  `created_at` timestamp NULL DEFAULT NULL,
  `updated_at` timestamp NULL DEFAULT NULL
) ENGINE=InnoDB DEFAULT CHARSET=utf8mb4 COLLATE=utf8mb4_unicode_ci;

--
-- Dumping data for table `users`
--

INSERT INTO `users` (`id`, `name`, `email`, `password`, `remember_token`, `created_at`, `updated_at`) VALUES
(1, 'Mohammed Hassan', 'admin@admin.com', '$2y$10$NfkBWGiMQ0QwpNcRWLO8Au4eZHhVOjU46Y0SDomQ7vqEctVFB5R12', 'qTJIhlrNhuWOJMkr71joYaplnU7nPUsJPalZnIzAKHiHrWXzyzhrU2Y3qlbb', '2018-05-29 14:20:48', '2018-05-29 14:20:48');

--
-- Indexes for dumped tables
--

--
-- Indexes for table `migrations`
--
ALTER TABLE `migrations`
  ADD PRIMARY KEY (`id`);

--
-- Indexes for table `oauth_access_tokens`
--
ALTER TABLE `oauth_access_tokens`
  ADD PRIMARY KEY (`id`),
  ADD KEY `oauth_access_tokens_user_id_index` (`user_id`);

--
-- Indexes for table `oauth_auth_codes`
--
ALTER TABLE `oauth_auth_codes`
  ADD PRIMARY KEY (`id`);

--
-- Indexes for table `oauth_clients`
--
ALTER TABLE `oauth_clients`
  ADD PRIMARY KEY (`id`),
  ADD KEY `oauth_clients_user_id_index` (`user_id`);

--
-- Indexes for table `oauth_personal_access_clients`
--
ALTER TABLE `oauth_personal_access_clients`
  ADD PRIMARY KEY (`id`),
  ADD KEY `oauth_personal_access_clients_client_id_index` (`client_id`);

--
-- Indexes for table `oauth_refresh_tokens`
--
ALTER TABLE `oauth_refresh_tokens`
  ADD PRIMARY KEY (`id`),
  ADD KEY `oauth_refresh_tokens_access_token_id_index` (`access_token_id`);

--
-- Indexes for table `password_resets`
--
ALTER TABLE `password_resets`
  ADD KEY `password_resets_email_index` (`email`);

--
-- Indexes for table `products`
--
ALTER TABLE `products`
  ADD PRIMARY KEY (`id`);

--
-- Indexes for table `reviews`
--
ALTER TABLE `reviews`
  ADD PRIMARY KEY (`id`),
  ADD KEY `reviews_product_id_index` (`product_id`);

--
-- Indexes for table `users`
--
ALTER TABLE `users`
  ADD PRIMARY KEY (`id`),
  ADD UNIQUE KEY `users_email_unique` (`email`);

--
-- AUTO_INCREMENT for dumped tables
--

--
-- AUTO_INCREMENT for table `migrations`
--
ALTER TABLE `migrations`
  MODIFY `id` int(10) UNSIGNED NOT NULL AUTO_INCREMENT, AUTO_INCREMENT=10;

--
-- AUTO_INCREMENT for table `oauth_clients`
--
ALTER TABLE `oauth_clients`
  MODIFY `id` int(10) UNSIGNED NOT NULL AUTO_INCREMENT, AUTO_INCREMENT=3;

--
-- AUTO_INCREMENT for table `oauth_personal_access_clients`
--
ALTER TABLE `oauth_personal_access_clients`
  MODIFY `id` int(10) UNSIGNED NOT NULL AUTO_INCREMENT, AUTO_INCREMENT=2;

--
-- AUTO_INCREMENT for table `products`
--
ALTER TABLE `products`
  MODIFY `id` int(10) UNSIGNED NOT NULL AUTO_INCREMENT, AUTO_INCREMENT=104;

--
-- AUTO_INCREMENT for table `reviews`
--
ALTER TABLE `reviews`
  MODIFY `id` int(10) UNSIGNED NOT NULL AUTO_INCREMENT, AUTO_INCREMENT=301;

--
-- AUTO_INCREMENT for table `users`
--
ALTER TABLE `users`
  MODIFY `id` int(10) UNSIGNED NOT NULL AUTO_INCREMENT, AUTO_INCREMENT=2;

--
-- Constraints for dumped tables
--

--
-- Constraints for table `reviews`
--
ALTER TABLE `reviews`
  ADD CONSTRAINT `reviews_product_id_foreign` FOREIGN KEY (`product_id`) REFERENCES `products` (`id`) ON DELETE CASCADE;
COMMIT;

/*!40101 SET CHARACTER_SET_CLIENT=@OLD_CHARACTER_SET_CLIENT */;
/*!40101 SET CHARACTER_SET_RESULTS=@OLD_CHARACTER_SET_RESULTS */;
/*!40101 SET COLLATION_CONNECTION=@OLD_COLLATION_CONNECTION */;
